{
    "videoid": "f2a7361e-37ce-11eb-8f33-d0c637e5fb23",
    "author": "mearasnervous",
    "moment": "2020-01-22 06:17:20.000Z",
    "comment": "Loren ipsum..."
}
{
    "videoid": "f2a737b8-37ce-11eb-8f33-d0c637e5fb23",
    "author": "whisperedhubbles",
    "moment": "2020-03-22 01:35:10.000Z",
    "comment": "Loren ipsum..."
}
    {
    "videoid": "f2a73844-37ce-11eb-8f33-d0c637e5fb23",
    "author": "planetafford",
    "moment": "2020-05-12 18:06:17.000Z",
    "comment": "Loren ipsum..."
}
  {
    "videoid": "f2a7354c-37ce-11eb-8f33-d0c637e5fb23",
    "author": "bakerauthentic",
    "moment": "2020-02-14 15:23:27.000Z",
    "comment": "Loren ipsum..."
}
  {
    "videoid": "f2a7392a-37ce-11eb-8f33-d0c637e5fb23",
    "author": "bakerauthentic",
    "moment": "2020-03-08 19:45:54.000Z",
    "comment": "Loren ipsum..."
}
{
    "videoid": "f2a73b6e-37ce-11eb-8f33-d0c637e5fb23",
    "author": "fideliusadorable",
    "moment": "2020-07-17 23:56:27.000Z",
    "comment": "Loren ipsum..."
}
{
    "videoid": "f2a73722-37ce-11eb-8f33-d0c637e5fb23",
    "author": "whisperedhubbles",
    "moment": "2020-08-13 22:42:55.000Z",
    "comment": "Loren ipsum..."
}
    {
    "videoid": "f2a739fc-37ce-11eb-8f33-d0c637e5fb23",
    "author": "fannyangelic",
    "moment": "2020-02-05 20:21:55.000Z",
    "comment": "Loren ipsum..."
}
{
    "videoid": "f2a738da-37ce-11eb-8f33-d0c637e5fb23",
    "author": "fideliusadorable",
    "moment": "2020-03-26 14:00:42.000Z",
    "comment": "Loren ipsum..."
}
{
    "videoid": "f2a73970-37ce-11eb-8f33-d0c637e5fb23",
    "author": "fideliusadorable",
    "moment": "2020-11-08 20:29:01.000Z",
    "comment": "Loren ipsum..."
}
  {
    "videoid": "f2a73844-37ce-11eb-8f33-d0c637e5fb23",
    "author": "bakerauthentic",
    "moment": "2020-10-02 20:03:45.000Z",
    "comment": "Loren ipsum..."
}
   {
    "videoid": "f2a7361e-37ce-11eb-8f33-d0c637e5fb23",
    "author": "mearasnervous",
    "moment": "2020-05-27 15:00:05.000Z",
    "comment": "Loren ipsum..."
}
    {
    "videoid": "f2a73ae2-37ce-11eb-8f33-d0c637e5fb23",
    "author": "fannyangelic",
    "moment": "2020-12-24 20:32:21.000Z",
    "comment": "Loren ipsum..."
}
   {
    "videoid": "f2a73a4c-37ce-11eb-8f33-d0c637e5fb23",
    "author": "mearasnervous",
    "moment": "2020-02-10 02:18:12.000Z",
    "comment": "Loren ipsum..."
}
      {
    "videoid": "f2a7354c-37ce-11eb-8f33-d0c637e5fb23",
    "author": "sonsandals",
    "moment": "2020-08-04 18:28:03.000Z",
    "comment": "Loren ipsum..."
}
   {
    "videoid": "f2a738da-37ce-11eb-8f33-d0c637e5fb23",
    "author": "mearasnervous",
    "moment": "2020-01-10 05:05:14.000Z",
    "comment": "Loren ipsum..."
}
    {
    "videoid": "f2a73b6e-37ce-11eb-8f33-d0c637e5fb23",
    "author": "planetafford",
    "moment": "2020-10-24 09:01:49.000Z",
    "comment": "Loren ipsum..."
}
{
    "videoid": "f2a73894-37ce-11eb-8f33-d0c637e5fb23",
    "author": "fideliusadorable",
    "moment": "2020-05-27 11:56:48.000Z",
    "comment": "Loren ipsum..."
}
   {
    "videoid": "f2a73b6e-37ce-11eb-8f33-d0c637e5fb23",
    "author": "mearasnervous",
    "moment": "2020-05-16 17:38:38.000Z",
    "comment": "Loren ipsum..."
}
    {
    "videoid": "f2a737fe-37ce-11eb-8f33-d0c637e5fb23",
    "author": "planetafford",
    "moment": "2020-03-25 07:15:50.000Z",
    "comment": "Loren ipsum..."
}
  {
    "videoid": "f2a73682-37ce-11eb-8f33-d0c637e5fb23",
    "author": "bakerauthentic",
    "moment": "2020-09-24 14:54:08.000Z",
    "comment": "Loren ipsum..."
}
    {
    "videoid": "f2a73a4c-37ce-11eb-8f33-d0c637e5fb23",
    "author": "fannyangelic",
    "moment": "2020-08-22 02:57:57.000Z",
    "comment": "Loren ipsum..."
}
{
    "videoid": "f2a73ae2-37ce-11eb-8f33-d0c637e5fb23",
    "author": "whisperedhubbles",
    "moment": "2020-07-11 19:07:18.000Z",
    "comment": "Loren ipsum..."
}
    {
    "videoid": "f2a73682-37ce-11eb-8f33-d0c637e5fb23",
    "author": "fannyangelic",
    "moment": "2020-05-12 22:45:10.000Z",
    "comment": "Loren ipsum..."
}
  {
    "videoid": "f2a73772-37ce-11eb-8f33-d0c637e5fb23",
    "author": "bakerauthentic",
    "moment": "2020-04-01 02:33:02.000Z",
    "comment": "Loren ipsum..."
}
{
    "videoid": "f2a7354c-37ce-11eb-8f33-d0c637e5fb23",
    "author": "themselvesbenefit",
    "moment": "2020-01-21 16:55:18.000Z",
    "comment": "Loren ipsum..."
}
      {
    "videoid": "f2a73b28-37ce-11eb-8f33-d0c637e5fb23",
    "author": "sonsandals",
    "moment": "2020-02-03 12:29:25.000Z",
    "comment": "Loren ipsum..."
}
{
    "videoid": "f2a739b6-37ce-11eb-8f33-d0c637e5fb23",
    "author": "themselvesbenefit",
    "moment": "2020-04-26 02:46:35.000Z",
    "comment": "Loren ipsum..."
}
    {
    "videoid": "f2a737fe-37ce-11eb-8f33-d0c637e5fb23",
    "author": "fannyangelic",
    "moment": "2020-08-15 17:50:53.000Z",
    "comment": "Loren ipsum..."
}
{
    "videoid": "f2a73a92-37ce-11eb-8f33-d0c637e5fb23",
    "author": "themselvesbenefit",
    "moment": "2020-03-20 20:25:24.000Z",
    "comment": "Loren ipsum..."
}
  {
    "videoid": "f2a73b28-37ce-11eb-8f33-d0c637e5fb23",
    "author": "journalistsnob",
    "moment": "2020-06-04 15:36:28.000Z",
    "comment": "Loren ipsum..."
}
   {
    "videoid": "f2a73722-37ce-11eb-8f33-d0c637e5fb23",
    "author": "mearasnervous",
    "moment": "2020-05-05 16:54:50.000Z",
    "comment": "Loren ipsum..."
}
{
    "videoid": "f2a73a4c-37ce-11eb-8f33-d0c637e5fb23",
    "author": "themselvesbenefit",
    "moment": "2020-05-16 12:10:12.000Z",
    "comment": "Loren ipsum..."
}
{
    "videoid": "f2a738da-37ce-11eb-8f33-d0c637e5fb23",
    "author": "whisperedhubbles",
    "moment": "2020-06-05 15:40:26.000Z",
    "comment": "Loren ipsum..."
}
{
    "videoid": "f2a737b8-37ce-11eb-8f33-d0c637e5fb23",
    "author": "fideliusadorable",
    "moment": "2020-07-22 19:10:06.000Z",
    "comment": "Loren ipsum..."
}
  {
    "videoid": "f2a73682-37ce-11eb-8f33-d0c637e5fb23",
    "author": "bakerauthentic",
    "moment": "2020-07-06 13:45:43.000Z",
    "comment": "Loren ipsum..."
}
      {
    "videoid": "f2a73970-37ce-11eb-8f33-d0c637e5fb23",
    "author": "sonsandals",
    "moment": "2020-11-03 08:33:18.000Z",
    "comment": "Loren ipsum..."
}
      {
    "videoid": "f2a736dc-37ce-11eb-8f33-d0c637e5fb23",
    "author": "sonsandals",
    "moment": "2020-03-08 21:15:50.000Z",
    "comment": "Loren ipsum..."
}
   {
    "videoid": "f2a73844-37ce-11eb-8f33-d0c637e5fb23",
    "author": "mearasnervous",
    "moment": "2020-01-24 23:06:01.000Z",
    "comment": "Loren ipsum..."
}
      {
    "videoid": "f2a73a4c-37ce-11eb-8f33-d0c637e5fb23",
    "author": "sonsandals",
    "moment": "2020-06-17 03:56:59.000Z",
    "comment": "Loren ipsum..."
}
    {
    "videoid": "f2a737fe-37ce-11eb-8f33-d0c637e5fb23",
    "author": "planetafford",
    "moment": "2020-06-03 10:46:38.000Z",
    "comment": "Loren ipsum..."
}
    {
    "videoid": "f2a737b8-37ce-11eb-8f33-d0c637e5fb23",
    "author": "planetafford",
    "moment": "2020-03-01 15:26:31.000Z",
    "comment": "Loren ipsum..."
}
{
    "videoid": "f2a73a92-37ce-11eb-8f33-d0c637e5fb23",
    "author": "fideliusadorable",
    "moment": "2020-05-24 13:47:39.000Z",
    "comment": "Loren ipsum..."
}
   {
    "videoid": "f2a73ae2-37ce-11eb-8f33-d0c637e5fb23",
    "author": "mearasnervous",
    "moment": "2020-04-07 21:24:43.000Z",
    "comment": "Loren ipsum..."
}
    {
    "videoid": "f2a736dc-37ce-11eb-8f33-d0c637e5fb23",
    "author": "mithrilbitch",
    "moment": "2020-02-23 07:27:00.000Z",
    "comment": "Loren ipsum..."
}
{
    "videoid": "f2a73a92-37ce-11eb-8f33-d0c637e5fb23",
    "author": "fideliusadorable",
    "moment": "2020-06-07 12:35:50.000Z",
    "comment": "Loren ipsum..."
}
   {
    "videoid": "f2a7354c-37ce-11eb-8f33-d0c637e5fb23",
    "author": "mearasnervous",
    "moment": "2020-01-26 16:00:59.000Z",
    "comment": "Loren ipsum..."
}
  {
    "videoid": "f2a73772-37ce-11eb-8f33-d0c637e5fb23",
    "author": "journalistsnob",
    "moment": "2020-07-12 23:22:49.000Z",
    "comment": "Loren ipsum..."
}
{
    "videoid": "f2a73772-37ce-11eb-8f33-d0c637e5fb23",
    "author": "whisperedhubbles",
    "moment": "2020-08-28 16:44:47.000Z",
    "comment": "Loren ipsum..."
}
{
    "videoid": "f2a73970-37ce-11eb-8f33-d0c637e5fb23",
    "author": "whisperedhubbles",
    "moment": "2020-08-04 00:14:12.000Z",
    "comment": "Loren ipsum..."
}
    {
    "videoid": "f2a737fe-37ce-11eb-8f33-d0c637e5fb23",
    "author": "planetafford",
    "moment": "2020-08-03 22:25:36.000Z",
    "comment": "Loren ipsum..."
}
{
    "videoid": "f2a73b28-37ce-11eb-8f33-d0c637e5fb23",
    "author": "fideliusadorable",
    "moment": "2020-10-09 16:17:50.000Z",
    "comment": "Loren ipsum..."
}
    {
    "videoid": "f2a7361e-37ce-11eb-8f33-d0c637e5fb23",
    "author": "planetafford",
    "moment": "2020-03-05 01:53:27.000Z",
    "comment": "Loren ipsum..."
}
    {
    "videoid": "f2a736dc-37ce-11eb-8f33-d0c637e5fb23",
    "author": "planetafford",
    "moment": "2020-12-23 03:09:25.000Z",
    "comment": "Loren ipsum..."
}
    {
    "videoid": "f2a738da-37ce-11eb-8f33-d0c637e5fb23",
    "author": "planetafford",
    "moment": "2020-09-23 16:41:31.000Z",
    "comment": "Loren ipsum..."
}
    {
    "videoid": "f2a73772-37ce-11eb-8f33-d0c637e5fb23",
    "author": "planetafford",
    "moment": "2020-06-07 09:31:19.000Z",
    "comment": "Loren ipsum..."
}
{
    "videoid": "f2a73894-37ce-11eb-8f33-d0c637e5fb23",
    "author": "fideliusadorable",
    "moment": "2020-10-18 12:33:59.000Z",
    "comment": "Loren ipsum..."
}
{
    "videoid": "f2a7361e-37ce-11eb-8f33-d0c637e5fb23",
    "author": "whisperedhubbles",
    "moment": "2020-05-19 15:56:28.000Z",
    "comment": "Loren ipsum..."
}
  {
    "videoid": "f2a73682-37ce-11eb-8f33-d0c637e5fb23",
    "author": "journalistsnob",
    "moment": "2020-09-01 16:05:27.000Z",
    "comment": "Loren ipsum..."
}
  {
    "videoid": "f2a739fc-37ce-11eb-8f33-d0c637e5fb23",
    "author": "bakerauthentic",
    "moment": "2020-10-11 17:03:34.000Z",
    "comment": "Loren ipsum..."
}
  {
    "videoid": "f2a739fc-37ce-11eb-8f33-d0c637e5fb23",
    "author": "bakerauthentic",
    "moment": "2020-06-10 02:21:45.000Z",
    "comment": "Loren ipsum..."
}
{
    "videoid": "f2a7392a-37ce-11eb-8f33-d0c637e5fb23",
    "author": "whisperedhubbles",
    "moment": "2020-09-28 16:54:21.000Z",
    "comment": "Loren ipsum..."
}
    {
    "videoid": "f2a73844-37ce-11eb-8f33-d0c637e5fb23",
    "author": "planetafford",
    "moment": "2020-06-13 06:03:25.000Z",
    "comment": "Loren ipsum..."
}
    {
    "videoid": "f2a7392a-37ce-11eb-8f33-d0c637e5fb23",
    "author": "fannyangelic",
    "moment": "2020-12-13 22:55:30.000Z",
    "comment": "Loren ipsum..."
}
    {
    "videoid": "f2a73970-37ce-11eb-8f33-d0c637e5fb23",
    "author": "mithrilbitch",
    "moment": "2020-08-14 15:02:51.000Z",
    "comment": "Loren ipsum..."
}
{
    "videoid": "f2a739b6-37ce-11eb-8f33-d0c637e5fb23",
    "author": "fideliusadorable",
    "moment": "2020-11-24 09:11:06.000Z",
    "comment": "Loren ipsum..."
}
  {
    "videoid": "f2a739b6-37ce-11eb-8f33-d0c637e5fb23",
    "author": "bakerauthentic",
    "moment": "2020-09-04 06:27:29.000Z",
    "comment": "Loren ipsum..."
}
    {
    "videoid": "f2a73a4c-37ce-11eb-8f33-d0c637e5fb23",
    "author": "fannyangelic",
    "moment": "2020-04-07 02:11:25.000Z",
    "comment": "Loren ipsum..."
}
    {
    "videoid": "f2a736dc-37ce-11eb-8f33-d0c637e5fb23",
    "author": "mithrilbitch",
    "moment": "2020-04-04 14:42:06.000Z",
    "comment": "Loren ipsum..."
}
{
    "videoid": "f2a73b28-37ce-11eb-8f33-d0c637e5fb23",
    "author": "whisperedhubbles",
    "moment": "2020-07-06 16:54:14.000Z",
    "comment": "Loren ipsum..."
}
{
    "videoid": "f2a73722-37ce-11eb-8f33-d0c637e5fb23",
    "author": "whisperedhubbles",
    "moment": "2020-11-04 01:12:39.000Z",
    "comment": "Loren ipsum..."
}
{
    "videoid": "f2a73722-37ce-11eb-8f33-d0c637e5fb23",
    "author": "whisperedhubbles",
    "moment": "2020-11-04 15:27:44.000Z",
    "comment": "Loren ipsum..."
}
{
    "videoid": "f2a73a92-37ce-11eb-8f33-d0c637e5fb23",
    "author": "fideliusadorable",
    "moment": "2020-11-19 18:33:41.000Z",
    "comment": "Loren ipsum..."
}
    {
    "videoid": "f2a736dc-37ce-11eb-8f33-d0c637e5fb23",
    "author": "planetafford",
    "moment": "2020-09-24 20:22:40.000Z",
    "comment": "Loren ipsum..."
}
      {
    "videoid": "f2a739fc-37ce-11eb-8f33-d0c637e5fb23",
    "author": "sonsandals",
    "moment": "2020-03-22 23:33:50.000Z",
    "comment": "Loren ipsum..."
}
  {
    "videoid": "f2a737fe-37ce-11eb-8f33-d0c637e5fb23",
    "author": "journalistsnob",
    "moment": "2020-11-01 16:32:57.000Z",
    "comment": "Loren ipsum..."
}
    {
    "videoid": "f2a73894-37ce-11eb-8f33-d0c637e5fb23",
    "author": "planetafford",
    "moment": "2020-02-24 16:20:11.000Z",
    "comment": "Loren ipsum..."
}
{
    "videoid": "f2a73844-37ce-11eb-8f33-d0c637e5fb23",
    "author": "themselvesbenefit",
    "moment": "2020-09-02 13:01:49.000Z",
    "comment": "Loren ipsum..."
}
{
    "videoid": "f2a7392a-37ce-11eb-8f33-d0c637e5fb23",
    "author": "whisperedhubbles",
    "moment": "2020-11-15 13:51:59.000Z",
    "comment": "Loren ipsum..."
}
    {
    "videoid": "f2a738da-37ce-11eb-8f33-d0c637e5fb23",
    "author": "mithrilbitch",
    "moment": "2020-12-02 05:23:29.000Z",
    "comment": "Loren ipsum..."
}
  {
    "videoid": "f2a73b28-37ce-11eb-8f33-d0c637e5fb23",
    "author": "journalistsnob",
    "moment": "2020-02-28 07:19:47.000Z",
    "comment": "Loren ipsum..."
}
   {
    "videoid": "f2a73ae2-37ce-11eb-8f33-d0c637e5fb23",
    "author": "mearasnervous",
    "moment": "2020-12-02 04:31:46.000Z",
    "comment": "Loren ipsum..."
}
{
    "videoid": "f2a7392a-37ce-11eb-8f33-d0c637e5fb23",
    "author": "themselvesbenefit",
    "moment": "2020-12-12 12:14:44.000Z",
    "comment": "Loren ipsum..."
}
{
    "videoid": "f2a7354c-37ce-11eb-8f33-d0c637e5fb23",
    "author": "fideliusadorable",
    "moment": "2020-08-22 22:13:07.000Z",
    "comment": "Loren ipsum..."
}
   {
    "videoid": "f2a73b6e-37ce-11eb-8f33-d0c637e5fb23",
    "author": "mearasnervous",
    "moment": "2020-04-20 09:22:49.000Z",
    "comment": "Loren ipsum..."
}
  {
    "videoid": "f2a73772-37ce-11eb-8f33-d0c637e5fb23",
    "author": "journalistsnob",
    "moment": "2020-02-05 06:05:03.000Z",
    "comment": "Loren ipsum..."
}
      {
    "videoid": "f2a73970-37ce-11eb-8f33-d0c637e5fb23",
    "author": "sonsandals",
    "moment": "2020-11-11 13:16:32.000Z",
    "comment": "Loren ipsum..."
}
    {
    "videoid": "f2a73722-37ce-11eb-8f33-d0c637e5fb23",
    "author": "fannyangelic",
    "moment": "2020-02-06 01:41:32.000Z",
    "comment": "Loren ipsum..."
}
  {
    "videoid": "f2a739fc-37ce-11eb-8f33-d0c637e5fb23",
    "author": "bakerauthentic",
    "moment": "2020-06-10 08:09:58.000Z",
    "comment": "Loren ipsum..."
}
    {
    "videoid": "f2a73894-37ce-11eb-8f33-d0c637e5fb23",
    "author": "planetafford",
    "moment": "2020-05-12 21:07:55.000Z",
    "comment": "Loren ipsum..."
}
   {
    "videoid": "f2a73b6e-37ce-11eb-8f33-d0c637e5fb23",
    "author": "mearasnervous",
    "moment": "2020-07-07 16:38:15.000Z",
    "comment": "Loren ipsum..."
}
      {
    "videoid": "f2a73a92-37ce-11eb-8f33-d0c637e5fb23",
    "author": "sonsandals",
    "moment": "2020-04-06 14:21:17.000Z",
    "comment": "Loren ipsum..."
}
  {
    "videoid": "f2a737b8-37ce-11eb-8f33-d0c637e5fb23",
    "author": "bakerauthentic",
    "moment": "2020-12-17 21:24:37.000Z",
    "comment": "Loren ipsum..."
}
    {
    "videoid": "f2a7361e-37ce-11eb-8f33-d0c637e5fb23",
    "author": "planetafford",
    "moment": "2020-02-25 22:29:13.000Z",
    "comment": "Loren ipsum..."
}
    {
    "videoid": "f2a737b8-37ce-11eb-8f33-d0c637e5fb23",
    "author": "mithrilbitch",
    "moment": "2020-09-03 19:09:07.000Z",
    "comment": "Loren ipsum..."
}
  {
    "videoid": "f2a73ae2-37ce-11eb-8f33-d0c637e5fb23",
    "author": "journalistsnob",
    "moment": "2020-04-27 09:02:41.000Z",
    "comment": "Loren ipsum..."
}
    {
    "videoid": "f2a739b6-37ce-11eb-8f33-d0c637e5fb23",
    "author": "planetafford",
    "moment": "2020-02-01 10:57:16.000Z",
    "comment": "Loren ipsum..."
}
      {
    "videoid": "f2a739b6-37ce-11eb-8f33-d0c637e5fb23",
    "author": "sonsandals",
    "moment": "2020-02-17 05:16:55.000Z",
    "comment": "Loren ipsum..."
}
    {
    "videoid": "f2a73894-37ce-11eb-8f33-d0c637e5fb23",
    "author": "planetafford",
    "moment": "2020-09-28 11:28:58.000Z",
    "comment": "Loren ipsum..."
}
{
    "videoid": "f2a73682-37ce-11eb-8f33-d0c637e5fb23",
    "author": "journalistsnob",
    "moment": "2020-09-17 00:28:09.000Z",
    "comment": "Loren ipsum..."
}