{
    "videoid": "f2a73a4c-37ce-11eb-8f33-d0c637e5fb23",
    "rating": 3,
    "ratingid": "f2aa22ac-37ce-11eb-8f33-d0c637e5fb23"
}
{
    "videoid": "f2a7354c-37ce-11eb-8f33-d0c637e5fb23",
    "rating": 2,
    "ratingid": "f2a98798-37ce-11eb-8f33-d0c637e5fb23"
}
 {
    "videoid": "f2a737fe-37ce-11eb-8f33-d0c637e5fb23",
    "rating": 3,
    "ratingid": "f2a9d748-37ce-11eb-8f33-d0c637e5fb23"
}
 {
    "videoid": "f2a738da-37ce-11eb-8f33-d0c637e5fb23",
    "rating": 2,
    "ratingid": "f2a9ef94-37ce-11eb-8f33-d0c637e5fb23"
}
 {
    "videoid": "f2a7392a-37ce-11eb-8f33-d0c637e5fb23",
    "rating": 1,
    "ratingid": "f2a9f8f4-37ce-11eb-8f33-d0c637e5fb23"
}
 {
    "videoid": "f2a73844-37ce-11eb-8f33-d0c637e5fb23",
    "rating": 5,
    "ratingid": "f2a9e490-37ce-11eb-8f33-d0c637e5fb23"
}
 {
    "videoid": "f2a73b28-37ce-11eb-8f33-d0c637e5fb23",
    "rating": 1,
    "ratingid": "f2aa402a-37ce-11eb-8f33-d0c637e5fb23"
}
 {
    "videoid": "f2a7392a-37ce-11eb-8f33-d0c637e5fb23",
    "rating": 3,
    "ratingid": "f2a9fdfe-37ce-11eb-8f33-d0c637e5fb23"
}
 {
    "videoid": "f2a73844-37ce-11eb-8f33-d0c637e5fb23",
    "rating": 2,
    "ratingid": "f2a9db12-37ce-11eb-8f33-d0c637e5fb23"
}
 {
    "videoid": "f2a739b6-37ce-11eb-8f33-d0c637e5fb23",
    "rating": 1,
    "ratingid": "f2aa0a74-37ce-11eb-8f33-d0c637e5fb23"
}
 {
    "videoid": "f2a736dc-37ce-11eb-8f33-d0c637e5fb23",
    "rating": 3,
    "ratingid": "f2a9a3c2-37ce-11eb-8f33-d0c637e5fb23"
}
 {
    "videoid": "f2a73844-37ce-11eb-8f33-d0c637e5fb23",
    "rating": 2,
    "ratingid": "f2a9dd7e-37ce-11eb-8f33-d0c637e5fb23"
}
 {
    "videoid": "f2a737fe-37ce-11eb-8f33-d0c637e5fb23",
    "rating": 4,
    "ratingid": "f2a9d428-37ce-11eb-8f33-d0c637e5fb23"
}
 {
    "videoid": "f2a739fc-37ce-11eb-8f33-d0c637e5fb23",
    "rating": 3,
    "ratingid": "f2aa15c8-37ce-11eb-8f33-d0c637e5fb23"
}
 {
    "videoid": "f2a739fc-37ce-11eb-8f33-d0c637e5fb23",
    "rating": 5,
    "ratingid": "f2aa121c-37ce-11eb-8f33-d0c637e5fb23"
}
 {
    "videoid": "f2a73a4c-37ce-11eb-8f33-d0c637e5fb23",
    "rating": 3,
    "ratingid": "f2aa26f8-37ce-11eb-8f33-d0c637e5fb23"
}
 {
    "videoid": "f2a736dc-37ce-11eb-8f33-d0c637e5fb23",
    "rating": 4,
    "ratingid": "f2a9a958-37ce-11eb-8f33-d0c637e5fb23"
}
 {
    "videoid": "f2a737fe-37ce-11eb-8f33-d0c637e5fb23",
    "rating": 2,
    "ratingid": "f2a9d2f2-37ce-11eb-8f33-d0c637e5fb23"
}
 {
    "videoid": "f2a73a4c-37ce-11eb-8f33-d0c637e5fb23",
    "rating": 5,
    "ratingid": "f2aa2040-37ce-11eb-8f33-d0c637e5fb23"
}
 {
    "videoid": "f2a7354c-37ce-11eb-8f33-d0c637e5fb23",
    "rating": 5,
    "ratingid": "f2a98bc6-37ce-11eb-8f33-d0c637e5fb23"
}
 {
    "videoid": "f2a736dc-37ce-11eb-8f33-d0c637e5fb23",
    "rating": 2,
    "ratingid": "f2a9a8c2-37ce-11eb-8f33-d0c637e5fb23"
}
 {
    "videoid": "f2a73722-37ce-11eb-8f33-d0c637e5fb23",
    "rating": 4,
    "ratingid": "f2a9b92a-37ce-11eb-8f33-d0c637e5fb23"
}
 {
    "videoid": "f2a73772-37ce-11eb-8f33-d0c637e5fb23",
    "rating": 5,
    "ratingid": "f2a9bff6-37ce-11eb-8f33-d0c637e5fb23"
}
 {
    "videoid": "f2a73894-37ce-11eb-8f33-d0c637e5fb23",
    "rating": 4,
    "ratingid": "f2a9e97c-37ce-11eb-8f33-d0c637e5fb23"
}
 {
    "videoid": "f2a737fe-37ce-11eb-8f33-d0c637e5fb23",
    "rating": 1,
    "ratingid": "f2a9d7e8-37ce-11eb-8f33-d0c637e5fb23"
}
 {
    "videoid": "f2a73722-37ce-11eb-8f33-d0c637e5fb23",
    "rating": 1,
    "ratingid": "f2a9b600-37ce-11eb-8f33-d0c637e5fb23"
}
 {
    "videoid": "f2a73ae2-37ce-11eb-8f33-d0c637e5fb23",
    "rating": 5,
    "ratingid": "f2aa3a8a-37ce-11eb-8f33-d0c637e5fb23"
}
 {
    "videoid": "f2a737fe-37ce-11eb-8f33-d0c637e5fb23",
    "rating": 1,
    "ratingid": "f2a9d072-37ce-11eb-8f33-d0c637e5fb23"
}
 {
    "videoid": "f2a73894-37ce-11eb-8f33-d0c637e5fb23",
    "rating": 1,
    "ratingid": "f2a9ebca-37ce-11eb-8f33-d0c637e5fb23"
}
 {
    "videoid": "f2a73772-37ce-11eb-8f33-d0c637e5fb23",
    "rating": 2,
    "ratingid": "f2a9c154-37ce-11eb-8f33-d0c637e5fb23"
}
 {
    "videoid": "f2a7354c-37ce-11eb-8f33-d0c637e5fb23",
    "rating": 4,
    "ratingid": "f2a988f6-37ce-11eb-8f33-d0c637e5fb23"
}
 {
    "videoid": "f2a73722-37ce-11eb-8f33-d0c637e5fb23",
    "rating": 4,
    "ratingid": "f2a9ba74-37ce-11eb-8f33-d0c637e5fb23"
}
 {
    "videoid": "f2a73ae2-37ce-11eb-8f33-d0c637e5fb23",
    "rating": 3,
    "ratingid": "f2aa39cc-37ce-11eb-8f33-d0c637e5fb23"
}
 {
    "videoid": "f2a73b6e-37ce-11eb-8f33-d0c637e5fb23",
    "rating": 1,
    "ratingid": "f2aa5592-37ce-11eb-8f33-d0c637e5fb23"
}
 {
    "videoid": "f2a73b6e-37ce-11eb-8f33-d0c637e5fb23",
    "rating": 3,
    "ratingid": "f2aa50a6-37ce-11eb-8f33-d0c637e5fb23"
}
 {
    "videoid": "f2a73722-37ce-11eb-8f33-d0c637e5fb23",
    "rating": 3,
    "ratingid": "f2a9b38a-37ce-11eb-8f33-d0c637e5fb23"
}
 {
    "videoid": "f2a73970-37ce-11eb-8f33-d0c637e5fb23",
    "rating": 3,
    "ratingid": "f2a9ffd4-37ce-11eb-8f33-d0c637e5fb23"
}
 {
    "videoid": "f2a739b6-37ce-11eb-8f33-d0c637e5fb23",
    "rating": 2,
    "ratingid": "f2aa0b32-37ce-11eb-8f33-d0c637e5fb23"
}
 {
    "videoid": "f2a7361e-37ce-11eb-8f33-d0c637e5fb23",
    "rating": 4,
    "ratingid": "f2a9904e-37ce-11eb-8f33-d0c637e5fb23"
}
 {
    "videoid": "f2a737fe-37ce-11eb-8f33-d0c637e5fb23",
    "rating": 5,
    "ratingid": "f2a9d4c8-37ce-11eb-8f33-d0c637e5fb23"
}
 {
    "videoid": "f2a73894-37ce-11eb-8f33-d0c637e5fb23",
    "rating": 3,
    "ratingid": "f2a9eaee-37ce-11eb-8f33-d0c637e5fb23"
}
 {
    "videoid": "f2a739b6-37ce-11eb-8f33-d0c637e5fb23",
    "rating": 4,
    "ratingid": "f2aa054c-37ce-11eb-8f33-d0c637e5fb23"
}
 {
    "videoid": "f2a736dc-37ce-11eb-8f33-d0c637e5fb23",
    "rating": 2,
    "ratingid": "f2a9a6e2-37ce-11eb-8f33-d0c637e5fb23"
}
 {
    "videoid": "f2a73970-37ce-11eb-8f33-d0c637e5fb23",
    "rating": 5,
    "ratingid": "f2aa0376-37ce-11eb-8f33-d0c637e5fb23"
}
 {
    "videoid": "f2a7361e-37ce-11eb-8f33-d0c637e5fb23",
    "rating": 5,
    "ratingid": "f2a99198-37ce-11eb-8f33-d0c637e5fb23"
}
 {
    "videoid": "f2a73b6e-37ce-11eb-8f33-d0c637e5fb23",
    "rating": 5,
    "ratingid": "f2aa545c-37ce-11eb-8f33-d0c637e5fb23"
}
 {
    "videoid": "f2a737fe-37ce-11eb-8f33-d0c637e5fb23",
    "rating": 5,
    "ratingid": "f2a9d112-37ce-11eb-8f33-d0c637e5fb23"
}
 {
    "videoid": "f2a73772-37ce-11eb-8f33-d0c637e5fb23",
    "rating": 5,
    "ratingid": "f2a9c208-37ce-11eb-8f33-d0c637e5fb23"
}
 {
    "videoid": "f2a73722-37ce-11eb-8f33-d0c637e5fb23",
    "rating": 1,
    "ratingid": "f2a9b9d4-37ce-11eb-8f33-d0c637e5fb23"
}
 {
    "videoid": "f2a73ae2-37ce-11eb-8f33-d0c637e5fb23",
    "rating": 1,
    "ratingid": "f2aa3e2c-37ce-11eb-8f33-d0c637e5fb23"
}
 {
    "videoid": "f2a73772-37ce-11eb-8f33-d0c637e5fb23",
    "rating": 2,
    "ratingid": "f2a9c2a8-37ce-11eb-8f33-d0c637e5fb23"
}
 {
    "videoid": "f2a736dc-37ce-11eb-8f33-d0c637e5fb23",
    "rating": 1,
    "ratingid": "f2a9a642-37ce-11eb-8f33-d0c637e5fb23"
}
 {
    "videoid": "f2a73844-37ce-11eb-8f33-d0c637e5fb23",
    "rating": 4,
    "ratingid": "f2a9e094-37ce-11eb-8f33-d0c637e5fb23"
}
 {
    "videoid": "f2a73894-37ce-11eb-8f33-d0c637e5fb23",
    "rating": 2,
    "ratingid": "f2a9e54e-37ce-11eb-8f33-d0c637e5fb23"
}
 {
    "videoid": "f2a7354c-37ce-11eb-8f33-d0c637e5fb23",
    "rating": 3,
    "ratingid": "f2a98dba-37ce-11eb-8f33-d0c637e5fb23"
}
 {
    "videoid": "f2a73970-37ce-11eb-8f33-d0c637e5fb23",
    "rating": 3,
    "ratingid": "f2aa010a-37ce-11eb-8f33-d0c637e5fb23"
}
 {
    "videoid": "f2a737b8-37ce-11eb-8f33-d0c637e5fb23",
    "rating": 3,
    "ratingid": "f2a9cadc-37ce-11eb-8f33-d0c637e5fb23"
}
 {
    "videoid": "f2a73844-37ce-11eb-8f33-d0c637e5fb23",
    "rating": 1,
    "ratingid": "f2a9e1d4-37ce-11eb-8f33-d0c637e5fb23"
}
 {
    "videoid": "f2a737fe-37ce-11eb-8f33-d0c637e5fb23",
    "rating": 2,
    "ratingid": "f2a9d1b2-37ce-11eb-8f33-d0c637e5fb23"
}
 {
    "videoid": "f2a73a4c-37ce-11eb-8f33-d0c637e5fb23",
    "rating": 5,
    "ratingid": "f2aa1cf8-37ce-11eb-8f33-d0c637e5fb23"
}
 {
    "videoid": "f2a737fe-37ce-11eb-8f33-d0c637e5fb23",
    "rating": 4,
    "ratingid": "f2a9d608-37ce-11eb-8f33-d0c637e5fb23"
}
 {
    "videoid": "f2a737fe-37ce-11eb-8f33-d0c637e5fb23",
    "rating": 5,
    "ratingid": "f2a9d392-37ce-11eb-8f33-d0c637e5fb23"
}
 {
    "videoid": "f2a73894-37ce-11eb-8f33-d0c637e5fb23",
    "rating": 1,
    "ratingid": "f2a9eee0-37ce-11eb-8f33-d0c637e5fb23"
}
 {
    "videoid": "f2a739fc-37ce-11eb-8f33-d0c637e5fb23",
    "rating": 4,
    "ratingid": "f2aa1794-37ce-11eb-8f33-d0c637e5fb23"
}
 {
    "videoid": "f2a737b8-37ce-11eb-8f33-d0c637e5fb23",
    "rating": 4,
    "ratingid": "f2a9ca3c-37ce-11eb-8f33-d0c637e5fb23"
}
 {
    "videoid": "f2a7361e-37ce-11eb-8f33-d0c637e5fb23",
    "rating": 5,
    "ratingid": "f2a99558-37ce-11eb-8f33-d0c637e5fb23"
}
 {
    "videoid": "f2a739fc-37ce-11eb-8f33-d0c637e5fb23",
    "rating": 1,
    "ratingid": "f2aa16f4-37ce-11eb-8f33-d0c637e5fb23"
}
 {
    "videoid": "f2a73ae2-37ce-11eb-8f33-d0c637e5fb23",
    "rating": 5,
    "ratingid": "f2aa365c-37ce-11eb-8f33-d0c637e5fb23"
}
 {
    "videoid": "f2a73a4c-37ce-11eb-8f33-d0c637e5fb23",
    "rating": 1,
    "ratingid": "f2aa20e0-37ce-11eb-8f33-d0c637e5fb23"
}
 {
    "videoid": "f2a738da-37ce-11eb-8f33-d0c637e5fb23",
    "rating": 4,
    "ratingid": "f2a9f2b4-37ce-11eb-8f33-d0c637e5fb23"
}
 {
    "videoid": "f2a73844-37ce-11eb-8f33-d0c637e5fb23",
    "rating": 5,
    "ratingid": "f2a9dc48-37ce-11eb-8f33-d0c637e5fb23"
}
 {
    "videoid": "f2a73b6e-37ce-11eb-8f33-d0c637e5fb23",
    "rating": 1,
    "ratingid": "f2aa4e58-37ce-11eb-8f33-d0c637e5fb23"
}
 {
    "videoid": "f2a73844-37ce-11eb-8f33-d0c637e5fb23",
    "rating": 1,
    "ratingid": "f2a9deb4-37ce-11eb-8f33-d0c637e5fb23"
}
 {
    "videoid": "f2a73b28-37ce-11eb-8f33-d0c637e5fb23",
    "rating": 4,
    "ratingid": "f2aa4336-37ce-11eb-8f33-d0c637e5fb23"
}
 {
    "videoid": "f2a73682-37ce-11eb-8f33-d0c637e5fb23",
    "rating": 1,
    "ratingid": "f2a99f76-37ce-11eb-8f33-d0c637e5fb23"
}
 {
    "videoid": "f2a73722-37ce-11eb-8f33-d0c637e5fb23",
    "rating": 3,
    "ratingid": "f2a9b74a-37ce-11eb-8f33-d0c637e5fb23"
}
 {
    "videoid": "f2a737b8-37ce-11eb-8f33-d0c637e5fb23",
    "rating": 4,
    "ratingid": "f2a9c668-37ce-11eb-8f33-d0c637e5fb23"
}
 {
    "videoid": "f2a7392a-37ce-11eb-8f33-d0c637e5fb23",
    "rating": 2,
    "ratingid": "f2a9f854-37ce-11eb-8f33-d0c637e5fb23"
}
 {
    "videoid": "f2a73a4c-37ce-11eb-8f33-d0c637e5fb23",
    "rating": 5,
    "ratingid": "f2aa2180-37ce-11eb-8f33-d0c637e5fb23"
}
 {
    "videoid": "f2a73a4c-37ce-11eb-8f33-d0c637e5fb23",
    "rating": 4,
    "ratingid": "f2aa2496-37ce-11eb-8f33-d0c637e5fb23"
}
 {
    "videoid": "f2a738da-37ce-11eb-8f33-d0c637e5fb23",
    "rating": 2,
    "ratingid": "f2a9f66a-37ce-11eb-8f33-d0c637e5fb23"
}
 {
    "videoid": "f2a73844-37ce-11eb-8f33-d0c637e5fb23",
    "rating": 1,
    "ratingid": "f2a9e134-37ce-11eb-8f33-d0c637e5fb23"
}
 {
    "videoid": "f2a73b28-37ce-11eb-8f33-d0c637e5fb23",
    "rating": 1,
    "ratingid": "f2aa43cc-37ce-11eb-8f33-d0c637e5fb23"
}
 {
    "videoid": "f2a738da-37ce-11eb-8f33-d0c637e5fb23",
    "rating": 4,
    "ratingid": "f2a9f52a-37ce-11eb-8f33-d0c637e5fb23"
}
 {
    "videoid": "f2a736dc-37ce-11eb-8f33-d0c637e5fb23",
    "rating": 5,
    "ratingid": "f2a9afac-37ce-11eb-8f33-d0c637e5fb23"
}
 {
    "videoid": "f2a738da-37ce-11eb-8f33-d0c637e5fb23",
    "rating": 1,
    "ratingid": "f2a9f034-37ce-11eb-8f33-d0c637e5fb23"
}
 {
    "videoid": "f2a73894-37ce-11eb-8f33-d0c637e5fb23",
    "rating": 5,
    "ratingid": "f2a9ea1c-37ce-11eb-8f33-d0c637e5fb23"
}
 {
    "videoid": "f2a73682-37ce-11eb-8f33-d0c637e5fb23",
    "rating": 3,
    "ratingid": "f2a9a30e-37ce-11eb-8f33-d0c637e5fb23"
}
 {
    "videoid": "f2a73894-37ce-11eb-8f33-d0c637e5fb23",
    "rating": 4,
    "ratingid": "f2a9e620-37ce-11eb-8f33-d0c637e5fb23"
}
 {
    "videoid": "f2a73a92-37ce-11eb-8f33-d0c637e5fb23",
    "rating": 3,
    "ratingid": "f2aa28c4-37ce-11eb-8f33-d0c637e5fb23"
}
 {
    "videoid": "f2a73970-37ce-11eb-8f33-d0c637e5fb23",
    "rating": 5,
    "ratingid": "f2aa01aa-37ce-11eb-8f33-d0c637e5fb23"
}
 {
    "videoid": "f2a73a92-37ce-11eb-8f33-d0c637e5fb23",
    "rating": 3,
    "ratingid": "f2aa2a86-37ce-11eb-8f33-d0c637e5fb23"
}
 {
    "videoid": "f2a73a4c-37ce-11eb-8f33-d0c637e5fb23",
    "rating": 3,
    "ratingid": "f2aa1d8e-37ce-11eb-8f33-d0c637e5fb23"
}
 {
    "videoid": "f2a73970-37ce-11eb-8f33-d0c637e5fb23",
    "rating": 4,
    "ratingid": "f2aa04a2-37ce-11eb-8f33-d0c637e5fb23"
}
 {
    "videoid": "f2a73b28-37ce-11eb-8f33-d0c637e5fb23",
    "rating": 4,
    "ratingid": "f2aa44f8-37ce-11eb-8f33-d0c637e5fb23"
}
 {
    "videoid": "f2a739b6-37ce-11eb-8f33-d0c637e5fb23",
    "rating": 4,
    "ratingid": "f2aa08ee-37ce-11eb-8f33-d0c637e5fb23"
}
 {
    "videoid": "f2a738da-37ce-11eb-8f33-d0c637e5fb23",
    "rating": 1,
    "ratingid": "f2a9f5ca-37ce-11eb-8f33-d0c637e5fb23"
}
 {
    "videoid": "f2a7354c-37ce-11eb-8f33-d0c637e5fb23",
    "rating": 3,
    "ratingid": "f2a989c8-37ce-11eb-8f33-d0c637e5fb23"
}
 {
    "videoid": "f2a73b28-37ce-11eb-8f33-d0c637e5fb23",
    "rating": 4,
    "ratingid": "f2aa46ce-37ce-11eb-8f33-d0c637e5fb23"
}
 {
    "videoid": "f2a739b6-37ce-11eb-8f33-d0c637e5fb23",
    "rating": 4,
    "ratingid": "f2aa05ec-37ce-11eb-8f33-d0c637e5fb23"
}
 {
    "videoid": "f2a73894-37ce-11eb-8f33-d0c637e5fb23",
    "rating": 2,
    "ratingid": "f2a9edaa-37ce-11eb-8f33-d0c637e5fb23"
}
 {
    "videoid": "f2a73894-37ce-11eb-8f33-d0c637e5fb23",
    "rating": 4,
    "ratingid": "f2a9ee40-37ce-11eb-8f33-d0c637e5fb23"
}
 {
    "videoid": "f2a737b8-37ce-11eb-8f33-d0c637e5fb23",
    "rating": 5,
    "ratingid": "f2a9cb7c-37ce-11eb-8f33-d0c637e5fb23"
}
 {
    "videoid": "f2a739b6-37ce-11eb-8f33-d0c637e5fb23",
    "rating": 1,
    "ratingid": "f2aa0ee8-37ce-11eb-8f33-d0c637e5fb23"
}
 {
    "videoid": "f2a73970-37ce-11eb-8f33-d0c637e5fb23",
    "rating": 4,
    "ratingid": "f2aa0240-37ce-11eb-8f33-d0c637e5fb23"
}
 {
    "videoid": "f2a73844-37ce-11eb-8f33-d0c637e5fb23",
    "rating": 2,
    "ratingid": "f2a9dbb2-37ce-11eb-8f33-d0c637e5fb23"
}
 {
    "videoid": "f2a73ae2-37ce-11eb-8f33-d0c637e5fb23",
    "rating": 1,
    "ratingid": "f2aa3f80-37ce-11eb-8f33-d0c637e5fb23"
}
 {
    "videoid": "f2a73a4c-37ce-11eb-8f33-d0c637e5fb23",
    "rating": 3,
    "ratingid": "f2aa2342-37ce-11eb-8f33-d0c637e5fb23"
}
 {
    "videoid": "f2a736dc-37ce-11eb-8f33-d0c637e5fb23",
    "rating": 1,
    "ratingid": "f2a9ae6c-37ce-11eb-8f33-d0c637e5fb23"
}
 {
    "videoid": "f2a739b6-37ce-11eb-8f33-d0c637e5fb23",
    "rating": 2,
    "ratingid": "f2aa0dd0-37ce-11eb-8f33-d0c637e5fb23"
}
 {
    "videoid": "f2a737b8-37ce-11eb-8f33-d0c637e5fb23",
    "rating": 1,
    "ratingid": "f2a9c7d0-37ce-11eb-8f33-d0c637e5fb23"
}
 {
    "videoid": "f2a739fc-37ce-11eb-8f33-d0c637e5fb23",
    "rating": 2,
    "ratingid": "f2aa12bc-37ce-11eb-8f33-d0c637e5fb23"
}
 {
    "videoid": "f2a73682-37ce-11eb-8f33-d0c637e5fb23",
    "rating": 3,
    "ratingid": "f2a9a07a-37ce-11eb-8f33-d0c637e5fb23"
}
 {
    "videoid": "f2a73a92-37ce-11eb-8f33-d0c637e5fb23",
    "rating": 3,
    "ratingid": "f2aa2dec-37ce-11eb-8f33-d0c637e5fb23"
}
 {
    "videoid": "f2a73772-37ce-11eb-8f33-d0c637e5fb23",
    "rating": 2,
    "ratingid": "f2a9bdee-37ce-11eb-8f33-d0c637e5fb23"
}
 {
    "videoid": "f2a736dc-37ce-11eb-8f33-d0c637e5fb23",
    "rating": 3,
    "ratingid": "f2a9ac82-37ce-11eb-8f33-d0c637e5fb23"
}
 {
    "videoid": "f2a73a92-37ce-11eb-8f33-d0c637e5fb23",
    "rating": 2,
    "ratingid": "f2aa2e82-37ce-11eb-8f33-d0c637e5fb23"
}
 {
    "videoid": "f2a7392a-37ce-11eb-8f33-d0c637e5fb23",
    "rating": 2,
    "ratingid": "f2a9fa34-37ce-11eb-8f33-d0c637e5fb23"
}
 {
    "videoid": "f2a739fc-37ce-11eb-8f33-d0c637e5fb23",
    "rating": 4,
    "ratingid": "f2aa149c-37ce-11eb-8f33-d0c637e5fb23"
}
 {
    "videoid": "f2a73b6e-37ce-11eb-8f33-d0c637e5fb23",
    "rating": 1,
    "ratingid": "f2aa4d18-37ce-11eb-8f33-d0c637e5fb23"
}
 {
    "videoid": "f2a73a92-37ce-11eb-8f33-d0c637e5fb23",
    "rating": 2,
    "ratingid": "f2aa2cca-37ce-11eb-8f33-d0c637e5fb23"
}
 {
    "videoid": "f2a73b6e-37ce-11eb-8f33-d0c637e5fb23",
    "rating": 5,
    "ratingid": "f2aa48ae-37ce-11eb-8f33-d0c637e5fb23"
}
 {
    "videoid": "f2a73a92-37ce-11eb-8f33-d0c637e5fb23",
    "rating": 1,
    "ratingid": "f2aa3026-37ce-11eb-8f33-d0c637e5fb23"
}
 {
    "videoid": "f2a73b6e-37ce-11eb-8f33-d0c637e5fb23",
    "rating": 2,
    "ratingid": "f2aa513c-37ce-11eb-8f33-d0c637e5fb23"
}
 {
    "videoid": "f2a73844-37ce-11eb-8f33-d0c637e5fb23",
    "rating": 3,
    "ratingid": "f2a9df54-37ce-11eb-8f33-d0c637e5fb23"
}
 {
    "videoid": "f2a7354c-37ce-11eb-8f33-d0c637e5fb23",
    "rating": 3,
    "ratingid": "f2a98d1a-37ce-11eb-8f33-d0c637e5fb23"
}
 {
    "videoid": "f2a73b6e-37ce-11eb-8f33-d0c637e5fb23",
    "rating": 1,
    "ratingid": "f2aa5010-37ce-11eb-8f33-d0c637e5fb23"
}
 {
    "videoid": "f2a736dc-37ce-11eb-8f33-d0c637e5fb23",
    "rating": 1,
    "ratingid": "f2a9ad22-37ce-11eb-8f33-d0c637e5fb23"
}
 {
    "videoid": "f2a73772-37ce-11eb-8f33-d0c637e5fb23",
    "rating": 2,
    "ratingid": "f2a9c4c4-37ce-11eb-8f33-d0c637e5fb23"
}
 {
    "videoid": "f2a73772-37ce-11eb-8f33-d0c637e5fb23",
    "rating": 2,
    "ratingid": "f2a9c33e-37ce-11eb-8f33-d0c637e5fb23"
}
 {
    "videoid": "f2a73b28-37ce-11eb-8f33-d0c637e5fb23",
    "rating": 3,
    "ratingid": "f2aa4160-37ce-11eb-8f33-d0c637e5fb23"
}
 {
    "videoid": "f2a73b6e-37ce-11eb-8f33-d0c637e5fb23",
    "rating": 1,
    "ratingid": "f2aa54fc-37ce-11eb-8f33-d0c637e5fb23"
}
 {
    "videoid": "f2a73894-37ce-11eb-8f33-d0c637e5fb23",
    "rating": 2,
    "ratingid": "f2a9e6ca-37ce-11eb-8f33-d0c637e5fb23"
}
 {
    "videoid": "f2a7354c-37ce-11eb-8f33-d0c637e5fb23",
    "rating": 5,
    "ratingid": "f2a98b1c-37ce-11eb-8f33-d0c637e5fb23"
}
 {
    "videoid": "f2a73722-37ce-11eb-8f33-d0c637e5fb23",
    "rating": 3,
    "ratingid": "f2a9bb14-37ce-11eb-8f33-d0c637e5fb23"
}
 {
    "videoid": "f2a7392a-37ce-11eb-8f33-d0c637e5fb23",
    "rating": 4,
    "ratingid": "f2a9f7b4-37ce-11eb-8f33-d0c637e5fb23"
}
 {
    "videoid": "f2a73894-37ce-11eb-8f33-d0c637e5fb23",
    "rating": 2,
    "ratingid": "f2a9ec6a-37ce-11eb-8f33-d0c637e5fb23"
}
 {
    "videoid": "f2a73ae2-37ce-11eb-8f33-d0c637e5fb23",
    "rating": 1,
    "ratingid": "f2aa33dc-37ce-11eb-8f33-d0c637e5fb23"
}
 {
    "videoid": "f2a73970-37ce-11eb-8f33-d0c637e5fb23",
    "rating": 5,
    "ratingid": "f2aa02d6-37ce-11eb-8f33-d0c637e5fb23"
}
 {
    "videoid": "f2a73b6e-37ce-11eb-8f33-d0c637e5fb23",
    "rating": 2,
    "ratingid": "f2aa4796-37ce-11eb-8f33-d0c637e5fb23"
}
 {
    "videoid": "f2a73682-37ce-11eb-8f33-d0c637e5fb23",
    "rating": 2,
    "ratingid": "f2a99a80-37ce-11eb-8f33-d0c637e5fb23"
}
 {
    "videoid": "f2a73ae2-37ce-11eb-8f33-d0c637e5fb23",
    "rating": 5,
    "ratingid": "f2aa35bc-37ce-11eb-8f33-d0c637e5fb23"
}
 {
    "videoid": "f2a73a92-37ce-11eb-8f33-d0c637e5fb23",
    "rating": 3,
    "ratingid": "f2aa2d60-37ce-11eb-8f33-d0c637e5fb23"
}
 {
    "videoid": "f2a73772-37ce-11eb-8f33-d0c637e5fb23",
    "rating": 2,
    "ratingid": "f2a9c08c-37ce-11eb-8f33-d0c637e5fb23"
}
 {
    "videoid": "f2a7354c-37ce-11eb-8f33-d0c637e5fb23",
    "rating": 4,
    "ratingid": "f2a98f04-37ce-11eb-8f33-d0c637e5fb23"
}
 {
    "videoid": "f2a73b6e-37ce-11eb-8f33-d0c637e5fb23",
    "rating": 4,
    "ratingid": "f2aa4f84-37ce-11eb-8f33-d0c637e5fb23"
}
 {
    "videoid": "f2a7361e-37ce-11eb-8f33-d0c637e5fb23",
    "rating": 3,
    "ratingid": "f2a992ce-37ce-11eb-8f33-d0c637e5fb23"
}
 {
    "videoid": "f2a73722-37ce-11eb-8f33-d0c637e5fb23",
    "rating": 3,
    "ratingid": "f2a9b7ea-37ce-11eb-8f33-d0c637e5fb23"
}
 {
    "videoid": "f2a73772-37ce-11eb-8f33-d0c637e5fb23",
    "rating": 3,
    "ratingid": "f2a9bc54-37ce-11eb-8f33-d0c637e5fb23"
}
 {
    "videoid": "f2a737fe-37ce-11eb-8f33-d0c637e5fb23",
    "rating": 5,
    "ratingid": "f2a9d568-37ce-11eb-8f33-d0c637e5fb23"
}
 {
    "videoid": "f2a738da-37ce-11eb-8f33-d0c637e5fb23",
    "rating": 4,
    "ratingid": "f2a9f0d4-37ce-11eb-8f33-d0c637e5fb23"
}
 {
    "videoid": "f2a73722-37ce-11eb-8f33-d0c637e5fb23",
    "rating": 1,
    "ratingid": "f2a9b42a-37ce-11eb-8f33-d0c637e5fb23"
}
 {
    "videoid": "f2a7361e-37ce-11eb-8f33-d0c637e5fb23",
    "rating": 3,
    "ratingid": "f2a99238-37ce-11eb-8f33-d0c637e5fb23"
}
 {
    "videoid": "f2a7392a-37ce-11eb-8f33-d0c637e5fb23",
    "rating": 3,
    "ratingid": "f2a9f714-37ce-11eb-8f33-d0c637e5fb23"
}
 {
    "videoid": "f2a73682-37ce-11eb-8f33-d0c637e5fb23",
    "rating": 1,
    "ratingid": "f2a99b20-37ce-11eb-8f33-d0c637e5fb23"
}
 {
    "videoid": "f2a73894-37ce-11eb-8f33-d0c637e5fb23",
    "rating": 4,
    "ratingid": "f2a9e8aa-37ce-11eb-8f33-d0c637e5fb23"
}
 {
    "videoid": "f2a73722-37ce-11eb-8f33-d0c637e5fb23",
    "rating": 5,
    "ratingid": "f2a9b88a-37ce-11eb-8f33-d0c637e5fb23"
}
 {
    "videoid": "f2a738da-37ce-11eb-8f33-d0c637e5fb23",
    "rating": 4,
    "ratingid": "f2a9f494-37ce-11eb-8f33-d0c637e5fb23"
}
 {
    "videoid": "f2a73b6e-37ce-11eb-8f33-d0c637e5fb23",
    "rating": 5,
    "ratingid": "f2aa5308-37ce-11eb-8f33-d0c637e5fb23"
}
 {
    "videoid": "f2a736dc-37ce-11eb-8f33-d0c637e5fb23",
    "rating": 5,
    "ratingid": "f2a9a778-37ce-11eb-8f33-d0c637e5fb23"
}
 {
    "videoid": "f2a73844-37ce-11eb-8f33-d0c637e5fb23",
    "rating": 2,
    "ratingid": "f2a9e3a0-37ce-11eb-8f33-d0c637e5fb23"
}
 {
    "videoid": "f2a73970-37ce-11eb-8f33-d0c637e5fb23",
    "rating": 2,
    "ratingid": "f2aa040c-37ce-11eb-8f33-d0c637e5fb23"
}
 {
    "videoid": "f2a737fe-37ce-11eb-8f33-d0c637e5fb23",
    "rating": 4,
    "ratingid": "f2a9d87e-37ce-11eb-8f33-d0c637e5fb23"
}
 {
    "videoid": "f2a73722-37ce-11eb-8f33-d0c637e5fb23",
    "rating": 4,
    "ratingid": "f2a9b560-37ce-11eb-8f33-d0c637e5fb23"
}
 {
    "videoid": "f2a738da-37ce-11eb-8f33-d0c637e5fb23",
    "rating": 1,
    "ratingid": "f2a9f174-37ce-11eb-8f33-d0c637e5fb23"
}
 {
    "videoid": "f2a73ae2-37ce-11eb-8f33-d0c637e5fb23",
    "rating": 2,
    "ratingid": "f2aa34e0-37ce-11eb-8f33-d0c637e5fb23"
}
 {
    "videoid": "f2a739fc-37ce-11eb-8f33-d0c637e5fb23",
    "rating": 3,
    "ratingid": "f2aa18c0-37ce-11eb-8f33-d0c637e5fb23"
}
 {
    "videoid": "f2a739fc-37ce-11eb-8f33-d0c637e5fb23",
    "rating": 2,
    "ratingid": "f2aa1352-37ce-11eb-8f33-d0c637e5fb23"
}
 {
    "videoid": "f2a737b8-37ce-11eb-8f33-d0c637e5fb23",
    "rating": 2,
    "ratingid": "f2a9cc1c-37ce-11eb-8f33-d0c637e5fb23"
}
 {
    "videoid": "f2a73844-37ce-11eb-8f33-d0c637e5fb23",
    "rating": 4,
    "ratingid": "f2a9d928-37ce-11eb-8f33-d0c637e5fb23"
}
 {
    "videoid": "f2a7361e-37ce-11eb-8f33-d0c637e5fb23",
    "rating": 3,
    "ratingid": "f2a99850-37ce-11eb-8f33-d0c637e5fb23"
}
 {
    "videoid": "f2a739fc-37ce-11eb-8f33-d0c637e5fb23",
    "rating": 1,
    "ratingid": "f2aa182a-37ce-11eb-8f33-d0c637e5fb23"
}
 {
    "videoid": "f2a7361e-37ce-11eb-8f33-d0c637e5fb23",
    "rating": 4,
    "ratingid": "f2a996de-37ce-11eb-8f33-d0c637e5fb23"
}
 {
    "videoid": "f2a73894-37ce-11eb-8f33-d0c637e5fb23",
    "rating": 4,
    "ratingid": "f2a9ed0a-37ce-11eb-8f33-d0c637e5fb23"
}
 {
    "videoid": "f2a739fc-37ce-11eb-8f33-d0c637e5fb23",
    "rating": 4,
    "ratingid": "f2aa1b22-37ce-11eb-8f33-d0c637e5fb23"
}
 {
    "videoid": "f2a739fc-37ce-11eb-8f33-d0c637e5fb23",
    "rating": 5,
    "ratingid": "f2aa1a8c-37ce-11eb-8f33-d0c637e5fb23"
}
 {
    "videoid": "f2a739b6-37ce-11eb-8f33-d0c637e5fb23",
    "rating": 1,
    "ratingid": "f2aa0722-37ce-11eb-8f33-d0c637e5fb23"
}
 {
    "videoid": "f2a7354c-37ce-11eb-8f33-d0c637e5fb23",
    "rating": 3,
    "ratingid": "f2a98a7c-37ce-11eb-8f33-d0c637e5fb23"
}
 {
    "videoid": "f2a737b8-37ce-11eb-8f33-d0c637e5fb23",
    "rating": 4,
    "ratingid": "f2a9ce92-37ce-11eb-8f33-d0c637e5fb23"
}
 {
    "videoid": "f2a737fe-37ce-11eb-8f33-d0c637e5fb23",
    "rating": 5,
    "ratingid": "f2a9d252-37ce-11eb-8f33-d0c637e5fb23"
}
 {
    "videoid": "f2a73ae2-37ce-11eb-8f33-d0c637e5fb23",
    "rating": 3,
    "ratingid": "f2aa3ed6-37ce-11eb-8f33-d0c637e5fb23"
}
 {
    "videoid": "f2a739fc-37ce-11eb-8f33-d0c637e5fb23",
    "rating": 1,
    "ratingid": "f2aa1136-37ce-11eb-8f33-d0c637e5fb23"
}
 {
    "videoid": "f2a739b6-37ce-11eb-8f33-d0c637e5fb23",
    "rating": 1,
    "ratingid": "f2aa07b8-37ce-11eb-8f33-d0c637e5fb23"
}
 {
    "videoid": "f2a739b6-37ce-11eb-8f33-d0c637e5fb23",
    "rating": 5,
    "ratingid": "f2aa0fc4-37ce-11eb-8f33-d0c637e5fb23"
}
 {
    "videoid": "f2a7392a-37ce-11eb-8f33-d0c637e5fb23",
    "rating": 3,
    "ratingid": "f2a9fc1e-37ce-11eb-8f33-d0c637e5fb23"
}
 {
    "videoid": "f2a73b28-37ce-11eb-8f33-d0c637e5fb23",
    "rating": 4,
    "ratingid": "f2aa4462-37ce-11eb-8f33-d0c637e5fb23"
}
 {
    "videoid": "f2a73722-37ce-11eb-8f33-d0c637e5fb23",
    "rating": 3,
    "ratingid": "f2a9b2ea-37ce-11eb-8f33-d0c637e5fb23"
}
 {
    "videoid": "f2a739fc-37ce-11eb-8f33-d0c637e5fb23",
    "rating": 4,
    "ratingid": "f2aa13fc-37ce-11eb-8f33-d0c637e5fb23"
}
 {
    "videoid": "f2a7361e-37ce-11eb-8f33-d0c637e5fb23",
    "rating": 3,
    "ratingid": "f2a990ee-37ce-11eb-8f33-d0c637e5fb23"
}
 {
    "videoid": "f2a739fc-37ce-11eb-8f33-d0c637e5fb23",
    "rating": 3,
    "ratingid": "f2aa165e-37ce-11eb-8f33-d0c637e5fb23"
}
 {
    "videoid": "f2a73682-37ce-11eb-8f33-d0c637e5fb23",
    "rating": 2,
    "ratingid": "f2a99de6-37ce-11eb-8f33-d0c637e5fb23"
}
 {
    "videoid": "f2a73ae2-37ce-11eb-8f33-d0c637e5fb23",
    "rating": 3,
    "ratingid": "f2aa3b34-37ce-11eb-8f33-d0c637e5fb23"
}
 {
    "videoid": "f2a7361e-37ce-11eb-8f33-d0c637e5fb23",
    "rating": 1,
    "ratingid": "f2a98fae-37ce-11eb-8f33-d0c637e5fb23"
}
 {
    "videoid": "f2a73a92-37ce-11eb-8f33-d0c637e5fb23",
    "rating": 1,
    "ratingid": "f2aa2798-37ce-11eb-8f33-d0c637e5fb23"
}
 {
    "videoid": "f2a73a92-37ce-11eb-8f33-d0c637e5fb23",
    "rating": 4,
    "ratingid": "f2aa29f0-37ce-11eb-8f33-d0c637e5fb23"
}
 {
    "videoid": "f2a73a92-37ce-11eb-8f33-d0c637e5fb23",
    "rating": 3,
    "ratingid": "f2aa3224-37ce-11eb-8f33-d0c637e5fb23"
}
 {
    "videoid": "f2a73a4c-37ce-11eb-8f33-d0c637e5fb23",
    "rating": 2,
    "ratingid": "f2aa1fa0-37ce-11eb-8f33-d0c637e5fb23"
}
 {
    "videoid": "f2a737b8-37ce-11eb-8f33-d0c637e5fb23",
    "rating": 3,
    "ratingid": "f2a9cf32-37ce-11eb-8f33-d0c637e5fb23"
}
 {
    "videoid": "f2a73722-37ce-11eb-8f33-d0c637e5fb23",
    "rating": 3,
    "ratingid": "f2a9b4c0-37ce-11eb-8f33-d0c637e5fb23"
}
 {
    "videoid": "f2a7392a-37ce-11eb-8f33-d0c637e5fb23",
    "rating": 1,
    "ratingid": "f2a9fad4-37ce-11eb-8f33-d0c637e5fb23"
}
 {
    "videoid": "f2a736dc-37ce-11eb-8f33-d0c637e5fb23",
    "rating": 1,
    "ratingid": "f2a9aaa2-37ce-11eb-8f33-d0c637e5fb23"
}
 {
    "videoid": "f2a73a92-37ce-11eb-8f33-d0c637e5fb23",
    "rating": 2,
    "ratingid": "f2aa2ba8-37ce-11eb-8f33-d0c637e5fb23"
}
 {
    "videoid": "f2a739b6-37ce-11eb-8f33-d0c637e5fb23",
    "rating": 2,
    "ratingid": "f2aa0858-37ce-11eb-8f33-d0c637e5fb23"
}
 {
    "videoid": "f2a737b8-37ce-11eb-8f33-d0c637e5fb23",
    "rating": 4,
    "ratingid": "f2a9c730-37ce-11eb-8f33-d0c637e5fb23"
}
 {
    "videoid": "f2a739fc-37ce-11eb-8f33-d0c637e5fb23",
    "rating": 1,
    "ratingid": "f2aa1c4e-37ce-11eb-8f33-d0c637e5fb23"
}
 {
    "videoid": "f2a73682-37ce-11eb-8f33-d0c637e5fb23",
    "rating": 4,
    "ratingid": "f2a9a12e-37ce-11eb-8f33-d0c637e5fb23"
}
 {
    "videoid": "f2a73b6e-37ce-11eb-8f33-d0c637e5fb23",
    "rating": 2,
    "ratingid": "f2aa4c78-37ce-11eb-8f33-d0c637e5fb23"
}
 {
    "videoid": "f2a7392a-37ce-11eb-8f33-d0c637e5fb23",
    "rating": 5,
    "ratingid": "f2a9fd5e-37ce-11eb-8f33-d0c637e5fb23"
}
 {
    "videoid": "f2a7392a-37ce-11eb-8f33-d0c637e5fb23",
    "rating": 2,
    "ratingid": "f2a9f994-37ce-11eb-8f33-d0c637e5fb23"
}
 {
    "videoid": "f2a73970-37ce-11eb-8f33-d0c637e5fb23",
    "rating": 2,
    "ratingid": "f2aa0074-37ce-11eb-8f33-d0c637e5fb23"
}
 {
    "videoid": "f2a73b6e-37ce-11eb-8f33-d0c637e5fb23",
    "rating": 4,
    "ratingid": "f2aa51d2-37ce-11eb-8f33-d0c637e5fb23"
}
 {
    "videoid": "f2a73ae2-37ce-11eb-8f33-d0c637e5fb23",
    "rating": 4,
    "ratingid": "f2aa386e-37ce-11eb-8f33-d0c637e5fb23"
}
 {
    "videoid": "f2a7361e-37ce-11eb-8f33-d0c637e5fb23",
    "rating": 1,
    "ratingid": "f2a997a6-37ce-11eb-8f33-d0c637e5fb23"
}
 {
    "videoid": "f2a739b6-37ce-11eb-8f33-d0c637e5fb23",
    "rating": 4,
    "ratingid": "f2aa0c68-37ce-11eb-8f33-d0c637e5fb23"
}
 {
    "videoid": "f2a736dc-37ce-11eb-8f33-d0c637e5fb23",
    "rating": 2,
    "ratingid": "f2a9a462-37ce-11eb-8f33-d0c637e5fb23"
}
 {
    "videoid": "f2a73b6e-37ce-11eb-8f33-d0c637e5fb23",
    "rating": 3,
    "ratingid": "f2aa49da-37ce-11eb-8f33-d0c637e5fb23"
}
 {
    "videoid": "f2a73a92-37ce-11eb-8f33-d0c637e5fb23",
    "rating": 4,
    "ratingid": "f2aa3184-37ce-11eb-8f33-d0c637e5fb23"
}
 {
    "videoid": "f2a73a92-37ce-11eb-8f33-d0c637e5fb23",
    "rating": 1,
    "ratingid": "f2aa32e2-37ce-11eb-8f33-d0c637e5fb23"
}
 {
    "videoid": "f2a73772-37ce-11eb-8f33-d0c637e5fb23",
    "rating": 1,
    "ratingid": "f2a9c564-37ce-11eb-8f33-d0c637e5fb23"
}
 {
    "videoid": "f2a7392a-37ce-11eb-8f33-d0c637e5fb23",
    "rating": 3,
    "ratingid": "f2a9fe94-37ce-11eb-8f33-d0c637e5fb23"
}
 {
    "videoid": "f2a73682-37ce-11eb-8f33-d0c637e5fb23",
    "rating": 5,
    "ratingid": "f2a99c6a-37ce-11eb-8f33-d0c637e5fb23"
}
 {
    "videoid": "f2a73b6e-37ce-11eb-8f33-d0c637e5fb23",
    "rating": 1,
    "ratingid": "f2aa4db8-37ce-11eb-8f33-d0c637e5fb23"
}
 {
    "videoid": "f2a7392a-37ce-11eb-8f33-d0c637e5fb23",
    "rating": 1,
    "ratingid": "f2a9fb7e-37ce-11eb-8f33-d0c637e5fb23"
}
 {
    "videoid": "f2a739b6-37ce-11eb-8f33-d0c637e5fb23",
    "rating": 4,
    "ratingid": "f2aa1064-37ce-11eb-8f33-d0c637e5fb23"
}
 {
    "videoid": "f2a73b6e-37ce-11eb-8f33-d0c637e5fb23",
    "rating": 2,
    "ratingid": "f2aa4a98-37ce-11eb-8f33-d0c637e5fb23"
}
 {
    "videoid": "f2a73b6e-37ce-11eb-8f33-d0c637e5fb23",
    "rating": 1,
    "ratingid": "f2aa4eee-37ce-11eb-8f33-d0c637e5fb23"
}
 {
    "videoid": "f2a736dc-37ce-11eb-8f33-d0c637e5fb23",
    "rating": 3,
    "ratingid": "f2a9af0c-37ce-11eb-8f33-d0c637e5fb23"
}
 {
    "videoid": "f2a7361e-37ce-11eb-8f33-d0c637e5fb23",
    "rating": 4,
    "ratingid": "f2a9936e-37ce-11eb-8f33-d0c637e5fb23"
}
 {
    "videoid": "f2a73b28-37ce-11eb-8f33-d0c637e5fb23",
    "rating": 1,
    "ratingid": "f2aa4296-37ce-11eb-8f33-d0c637e5fb23"
}
 {
    "videoid": "f2a739fc-37ce-11eb-8f33-d0c637e5fb23",
    "rating": 2,
    "ratingid": "f2aa19f6-37ce-11eb-8f33-d0c637e5fb23"
}
 {
    "videoid": "f2a73772-37ce-11eb-8f33-d0c637e5fb23",
    "rating": 4,
    "ratingid": "f2a9beb6-37ce-11eb-8f33-d0c637e5fb23"
}
 {
    "videoid": "f2a738da-37ce-11eb-8f33-d0c637e5fb23",
    "rating": 5,
    "ratingid": "f2a9f3ea-37ce-11eb-8f33-d0c637e5fb23"
}
 {
    "videoid": "f2a736dc-37ce-11eb-8f33-d0c637e5fb23",
    "rating": 3,
    "ratingid": "f2a9ab42-37ce-11eb-8f33-d0c637e5fb23"
}
 {
    "videoid": "f2a73844-37ce-11eb-8f33-d0c637e5fb23",
    "rating": 2,
    "ratingid": "f2a9d9c8-37ce-11eb-8f33-d0c637e5fb23"
}
 {
    "videoid": "f2a73ae2-37ce-11eb-8f33-d0c637e5fb23",
    "rating": 4,
    "ratingid": "f2aa36f2-37ce-11eb-8f33-d0c637e5fb23"
}
 {
    "videoid": "f2a73b6e-37ce-11eb-8f33-d0c637e5fb23",
    "rating": 5,
    "ratingid": "f2aa4b42-37ce-11eb-8f33-d0c637e5fb23"
}
 {
    "videoid": "f2a736dc-37ce-11eb-8f33-d0c637e5fb23",
    "rating": 2,
    "ratingid": "f2a9a818-37ce-11eb-8f33-d0c637e5fb23"
}
 {
    "videoid": "f2a737b8-37ce-11eb-8f33-d0c637e5fb23",
    "rating": 1,
    "ratingid": "f2a9ccbc-37ce-11eb-8f33-d0c637e5fb23"
}
 {
    "videoid": "f2a73722-37ce-11eb-8f33-d0c637e5fb23",
    "rating": 5,
    "ratingid": "f2a9b04c-37ce-11eb-8f33-d0c637e5fb23"
}
 {
    "videoid": "f2a737b8-37ce-11eb-8f33-d0c637e5fb23",
    "rating": 4,
    "ratingid": "f2a9cd52-37ce-11eb-8f33-d0c637e5fb23"
}
 {
    "videoid": "f2a73722-37ce-11eb-8f33-d0c637e5fb23",
    "rating": 1,
    "ratingid": "f2a9b0f6-37ce-11eb-8f33-d0c637e5fb23"
}
 {
    "videoid": "f2a73a92-37ce-11eb-8f33-d0c637e5fb23",
    "rating": 3,
    "ratingid": "f2aa2964-37ce-11eb-8f33-d0c637e5fb23"
}
 {
    "videoid": "f2a737b8-37ce-11eb-8f33-d0c637e5fb23",
    "rating": 2,
    "ratingid": "f2a9cdf2-37ce-11eb-8f33-d0c637e5fb23"
}
 {
    "videoid": "f2a73844-37ce-11eb-8f33-d0c637e5fb23",
    "rating": 2,
    "ratingid": "f2a9dff4-37ce-11eb-8f33-d0c637e5fb23"
}
 {
    "videoid": "f2a73a92-37ce-11eb-8f33-d0c637e5fb23",
    "rating": 3,
    "ratingid": "f2aa2b1c-37ce-11eb-8f33-d0c637e5fb23"
}
 {
    "videoid": "f2a736dc-37ce-11eb-8f33-d0c637e5fb23",
    "rating": 4,
    "ratingid": "f2a9abd8-37ce-11eb-8f33-d0c637e5fb23"
}
 {
    "videoid": "f2a73a4c-37ce-11eb-8f33-d0c637e5fb23",
    "rating": 5,
    "ratingid": "f2aa1eba-37ce-11eb-8f33-d0c637e5fb23"
}
 {
    "videoid": "f2a73a4c-37ce-11eb-8f33-d0c637e5fb23",
    "rating": 2,
    "ratingid": "f2aa2216-37ce-11eb-8f33-d0c637e5fb23"
}
 {
    "videoid": "f2a736dc-37ce-11eb-8f33-d0c637e5fb23",
    "rating": 1,
    "ratingid": "f2a9a502-37ce-11eb-8f33-d0c637e5fb23"
}
 {
    "videoid": "f2a739b6-37ce-11eb-8f33-d0c637e5fb23",
    "rating": 3,
    "ratingid": "f2aa0d1c-37ce-11eb-8f33-d0c637e5fb23"
}
 {
    "videoid": "f2a73a92-37ce-11eb-8f33-d0c637e5fb23",
    "rating": 1,
    "ratingid": "f2aa30ee-37ce-11eb-8f33-d0c637e5fb23"
}
 {
    "videoid": "f2a73a4c-37ce-11eb-8f33-d0c637e5fb23",
    "rating": 3,
    "ratingid": "f2aa1e24-37ce-11eb-8f33-d0c637e5fb23"
}
 {
    "videoid": "f2a7361e-37ce-11eb-8f33-d0c637e5fb23",
    "rating": 5,
    "ratingid": "f2a994ae-37ce-11eb-8f33-d0c637e5fb23"
}
 {
    "videoid": "f2a73722-37ce-11eb-8f33-d0c637e5fb23",
    "rating": 5,
    "ratingid": "f2a9b22c-37ce-11eb-8f33-d0c637e5fb23"
}
 {
    "videoid": "f2a73a92-37ce-11eb-8f33-d0c637e5fb23",
    "rating": 5,
    "ratingid": "f2aa282e-37ce-11eb-8f33-d0c637e5fb23"
}
 {
    "videoid": "f2a73682-37ce-11eb-8f33-d0c637e5fb23",
    "rating": 3,
    "ratingid": "f2a9a1d8-37ce-11eb-8f33-d0c637e5fb23"
}
 {
    "videoid": "f2a73772-37ce-11eb-8f33-d0c637e5fb23",
    "rating": 3,
    "ratingid": "f2a9bf56-37ce-11eb-8f33-d0c637e5fb23"
}
 {
    "videoid": "f2a739b6-37ce-11eb-8f33-d0c637e5fb23",
    "rating": 3,
    "ratingid": "f2aa0682-37ce-11eb-8f33-d0c637e5fb23"
}
 {
    "videoid": "f2a73a92-37ce-11eb-8f33-d0c637e5fb23",
    "rating": 3,
    "ratingid": "f2aa2c3e-37ce-11eb-8f33-d0c637e5fb23"
}
 {
    "videoid": "f2a738da-37ce-11eb-8f33-d0c637e5fb23",
    "rating": 2,
    "ratingid": "f2a9f354-37ce-11eb-8f33-d0c637e5fb23"
}
 {
    "videoid": "f2a73ae2-37ce-11eb-8f33-d0c637e5fb23",
    "rating": 3,
    "ratingid": "f2aa3d6e-37ce-11eb-8f33-d0c637e5fb23"
}
 {
    "videoid": "f2a737b8-37ce-11eb-8f33-d0c637e5fb23",
    "rating": 4,
    "ratingid": "f2a9c906-37ce-11eb-8f33-d0c637e5fb23"
}
 {
    "videoid": "f2a736dc-37ce-11eb-8f33-d0c637e5fb23",
    "rating": 1,
    "ratingid": "f2a9a9f8-37ce-11eb-8f33-d0c637e5fb23"
}
 {
    "videoid": "f2a73772-37ce-11eb-8f33-d0c637e5fb23",
    "rating": 5,
    "ratingid": "f2a9c41a-37ce-11eb-8f33-d0c637e5fb23"
}
 {
    "videoid": "f2a73722-37ce-11eb-8f33-d0c637e5fb23",
    "rating": 5,
    "ratingid": "f2a9b196-37ce-11eb-8f33-d0c637e5fb23"
}
 {
    "videoid": "f2a73722-37ce-11eb-8f33-d0c637e5fb23",
    "rating": 4,
    "ratingid": "f2a9b6aa-37ce-11eb-8f33-d0c637e5fb23"
}
 {
    "videoid": "f2a738da-37ce-11eb-8f33-d0c637e5fb23",
    "rating": 5,
    "ratingid": "f2a9f214-37ce-11eb-8f33-d0c637e5fb23"
}
 {
    "videoid": "f2a73844-37ce-11eb-8f33-d0c637e5fb23",
    "rating": 4,
    "ratingid": "f2a9da72-37ce-11eb-8f33-d0c637e5fb23"
}
 {
    "videoid": "f2a73682-37ce-11eb-8f33-d0c637e5fb23",
    "rating": 5,
    "ratingid": "f2a9a278-37ce-11eb-8f33-d0c637e5fb23"
}
 {
    "videoid": "f2a73844-37ce-11eb-8f33-d0c637e5fb23",
    "rating": 2,
    "ratingid": "f2a9dce8-37ce-11eb-8f33-d0c637e5fb23"
}
 {
    "videoid": "f2a739fc-37ce-11eb-8f33-d0c637e5fb23",
    "rating": 1,
    "ratingid": "f2aa1532-37ce-11eb-8f33-d0c637e5fb23"
}
 {
    "videoid": "f2a73894-37ce-11eb-8f33-d0c637e5fb23",
    "rating": 3,
    "ratingid": "f2a9e788-37ce-11eb-8f33-d0c637e5fb23"
}
 {
    "videoid": "f2a73a4c-37ce-11eb-8f33-d0c637e5fb23",
    "rating": 4,
    "ratingid": "f2aa252c-37ce-11eb-8f33-d0c637e5fb23"
}
 {
    "videoid": "f2a73682-37ce-11eb-8f33-d0c637e5fb23",
    "rating": 5,
    "ratingid": "f2a99bca-37ce-11eb-8f33-d0c637e5fb23"
}
 {
    "videoid": "f2a73682-37ce-11eb-8f33-d0c637e5fb23",
    "rating": 4,
    "ratingid": "f2a99ea4-37ce-11eb-8f33-d0c637e5fb23"
}
 {
    "videoid": "f2a736dc-37ce-11eb-8f33-d0c637e5fb23",
    "rating": 3,
    "ratingid": "f2a9a5a2-37ce-11eb-8f33-d0c637e5fb23"
}
 {
    "videoid": "f2a7361e-37ce-11eb-8f33-d0c637e5fb23",
    "rating": 3,
    "ratingid": "f2a9940e-37ce-11eb-8f33-d0c637e5fb23"
}
 {
    "videoid": "f2a73b28-37ce-11eb-8f33-d0c637e5fb23",
    "rating": 3,
    "ratingid": "f2aa40ca-37ce-11eb-8f33-d0c637e5fb23"
}
 {
    "videoid": "f2a7361e-37ce-11eb-8f33-d0c637e5fb23",
    "rating": 4,
    "ratingid": "f2a998fa-37ce-11eb-8f33-d0c637e5fb23"
}
 {
    "videoid": "f2a7354c-37ce-11eb-8f33-d0c637e5fb23",
    "rating": 2,
    "ratingid": "f2a98c70-37ce-11eb-8f33-d0c637e5fb23"
}
 {
    "videoid": "f2a73844-37ce-11eb-8f33-d0c637e5fb23",
    "rating": 4,
    "ratingid": "f2a9de1e-37ce-11eb-8f33-d0c637e5fb23"
}
 {
    "videoid": "f2a739fc-37ce-11eb-8f33-d0c637e5fb23",
    "rating": 5,
    "ratingid": "f2aa1bb8-37ce-11eb-8f33-d0c637e5fb23"
}
 {
    "videoid": "f2a739fc-37ce-11eb-8f33-d0c637e5fb23",
    "rating": 1,
    "ratingid": "f2aa1956-37ce-11eb-8f33-d0c637e5fb23"
}
 {
    "videoid": "f2a737fe-37ce-11eb-8f33-d0c637e5fb23",
    "rating": 3,
    "ratingid": "f2a9d6a8-37ce-11eb-8f33-d0c637e5fb23"
}
 {
    "videoid": "f2a737b8-37ce-11eb-8f33-d0c637e5fb23",
    "rating": 4,
    "ratingid": "f2a9c870-37ce-11eb-8f33-d0c637e5fb23"
}
 {
    "videoid": "f2a73b6e-37ce-11eb-8f33-d0c637e5fb23",
    "rating": 2,
    "ratingid": "f2aa5268-37ce-11eb-8f33-d0c637e5fb23"
}
 {
    "videoid": "f2a737b8-37ce-11eb-8f33-d0c637e5fb23",
    "rating": 4,
    "ratingid": "f2a9cfc8-37ce-11eb-8f33-d0c637e5fb23"
}
 {
    "videoid": "f2a73b28-37ce-11eb-8f33-d0c637e5fb23",
    "rating": 3,
    "ratingid": "f2aa45c0-37ce-11eb-8f33-d0c637e5fb23"
}
 {
    "videoid": "f2a739b6-37ce-11eb-8f33-d0c637e5fb23",
    "rating": 2,
    "ratingid": "f2aa0bc8-37ce-11eb-8f33-d0c637e5fb23"
}
 {
    "videoid": "f2a73722-37ce-11eb-8f33-d0c637e5fb23",
    "rating": 4,
    "ratingid": "f2a9bbaa-37ce-11eb-8f33-d0c637e5fb23"
}
 {
    "videoid": "f2a73a4c-37ce-11eb-8f33-d0c637e5fb23",
    "rating": 2,
    "ratingid": "f2aa23f6-37ce-11eb-8f33-d0c637e5fb23"
}
 {
    "videoid": "f2a737b8-37ce-11eb-8f33-d0c637e5fb23",
    "rating": 4,
    "ratingid": "f2a9c99c-37ce-11eb-8f33-d0c637e5fb23"
}
 {
    "videoid": "f2a73b28-37ce-11eb-8f33-d0c637e5fb23",
    "rating": 3,
    "ratingid": "f2aa41f6-37ce-11eb-8f33-d0c637e5fb23"
}
 {
    "videoid": "f2a73a4c-37ce-11eb-8f33-d0c637e5fb23",
    "rating": 4,
    "ratingid": "f2aa25c2-37ce-11eb-8f33-d0c637e5fb23"
}
 {
    "videoid": "f2a7354c-37ce-11eb-8f33-d0c637e5fb23",
    "rating": 5,
    "ratingid": "f2a98e64-37ce-11eb-8f33-d0c637e5fb23"
}
 {
    "videoid": "f2a736dc-37ce-11eb-8f33-d0c637e5fb23",
    "rating": 5,
    "ratingid": "f2a9adc2-37ce-11eb-8f33-d0c637e5fb23"
}
 {
    "videoid": "f2a73970-37ce-11eb-8f33-d0c637e5fb23",
    "rating": 1,
    "ratingid": "f2a9ff3e-37ce-11eb-8f33-d0c637e5fb23"
}
 {
    "videoid": "f2a7361e-37ce-11eb-8f33-d0c637e5fb23",
    "rating": 4,
    "ratingid": "f2a999c2-37ce-11eb-8f33-d0c637e5fb23"
}
 {
    "videoid": "f2a73ae2-37ce-11eb-8f33-d0c637e5fb23",
    "rating": 3,
    "ratingid": "f2aa3c38-37ce-11eb-8f33-d0c637e5fb23"
}