{
    "username": "bakerauthentic",
    "name": "Basilia Schur",
    "email": "bakerauthentic@sapo.pt",
    "registermoment": "2020-11-21 18:44:25.000Z"
}
{
    "username": "sonsandals",
    "name": "Ellamae Wardle",
    "email": "sonsandals@sapo.pt",
    "registermoment": "2020-10-08 15:20:58.000Z"
}
{
    "username": "journalistsnob",
    "name": "Anneliese Yardley",
    "email": "journalistsnob@sapo.pt",
    "registermoment": "2020-01-19 02:34:29.000Z"
}
{
    "username": "fannyangelic",
    "name": "Mathilda Gervasi",
    "email": "fannyangelic@sapo.pt",
    "registermoment": "2020-03-03 12:27:30.000Z"
}
{
    "username": "planetafford",
    "name": "Hannah Macmillan",
    "email": "planetafford@sapo.pt",
    "registermoment": "2020-08-27 02:23:25.000Z"
}
{
    "username": "themselvesbenefit",
    "name": "Renita Camille",
    "email": "themselvesbenefit@sapo.pt",
    "registermoment": "2020-09-09 13:59:19.000Z"
}
{
    "username": "whisperedhubbles",
    "name": "June Dougherty",
    "email": "whisperedhubbles@sapo.pt",
    "registermoment": "2020-11-22 16:03:00.000Z"
}
{
    "username": "fideliusadorable",
    "name": "Jennefer Cathcart",
    "email": "fideliusadorable@sapo.pt",
    "registermoment": "2020-08-23 05:02:03.000Z"
}
{
    "username": "mithrilbitch",
    "name": "Ozie Wigfall",
    "email": "mithrilbitch@sapo.pt",
    "registermoment": "2020-06-07 00:27:02.000Z"
}
{
    "username": "mearasnervous",
    "name": "Leonila Holbrook",
    "email": "mearasnervous@sapo.pt",
    "registermoment": "2020-11-14 21:36:57.000Z"
}