{
    "videoid": "f2a73b6e-37ce-11eb-8f33-d0c637e5fb23",
    "uploadmoment": "2020-08-13 16:41:41.000Z",
    "author": "mearasnervous",
    "description": "Lorem ipsum...",
    "name": "Occlusal Diseases and the Impact of Microtrauma",
    "tags": [
        "Supply Chain Management",
        "Virtual Communities & Virtual Reality"
    ]
}
{
    "videoid": "f2a73894-37ce-11eb-8f33-d0c637e5fb23",
    "uploadmoment": "2020-10-03 00:16:57.000Z",
    "author": "journalistsnob",
    "description": "Lorem ipsum...",
    "name": "Routing Protocols and Graph Theory Algorithms for Mobile Ad Hoc Networks",
    "tags": [
        "Adult Learning",
        "Computer Simulation",
        "Neural Networks",
        "Professional Development"
    ]
}
                               {
    "videoid": "f2a7392a-37ce-11eb-8f33-d0c637e5fb23",
    "uploadmoment": "2020-08-15 08:01:12.000Z",
    "author": "bakerauthentic",
    "description": "Lorem ipsum...",
    "name": "Microfinance and the Implications of the Global Economic Crisis",
    "tags": [
        "Artificial Intelligence",
        "Ethics & Law",
        "Theoretical Studies"
    ]
}
{
    "videoid": "f2a739b6-37ce-11eb-8f33-d0c637e5fb23",
    "uploadmoment": "2020-11-01 11:31:26.000Z",
    "author": "planetafford",
    "description": "Lorem ipsum...",
    "name": "Emergent Technologies and the Changing Pace of Clinical Development in the Pharmaceutical Industry",
    "tags": [
        "Artificial Intelligence",
        "Digital Communications",
        "Educational Technologies",
        "Robotics"
    ]
}
{
    "videoid": "f2a73772-37ce-11eb-8f33-d0c637e5fb23",
    "uploadmoment": "2020-01-10 19:23:31.000Z",
    "author": "journalistsnob",
    "description": "Lorem ipsum...",
    "name": "Examining the Changing Role of Communication in the Digital Age",
    "tags": [
        "Artificial Intelligence",
        "Computer Simulation",
        "Dentistry",
        "Educational Technologies",
        "Pharmaceutical Technologies"
    ]
}
                               {
    "videoid": "f2a737b8-37ce-11eb-8f33-d0c637e5fb23",
    "uploadmoment": "2020-08-13 00:40:52.000Z",
    "author": "bakerauthentic",
    "description": "Lorem ipsum...",
    "name": "Advanced Instrumentation Methods in Chemoinformatics and Analytical Chemistry",
    "tags": [
        "Digital Crime & Forensics",
        "Theoretical Studies"
    ]
}
                                                 {
    "videoid": "f2a73ae2-37ce-11eb-8f33-d0c637e5fb23",
    "uploadmoment": "2020-02-01 11:10:14.000Z",
    "author": "mearasnervous",
    "description": "Lorem ipsum...",
    "name": "Global Language Learning Solutions using Online Text-Based Chat",
    "tags": [
        "Health Information Systems",
        "Library Science"
    ]
}
{
    "videoid": "f2a7361e-37ce-11eb-8f33-d0c637e5fb23",
    "uploadmoment": "2020-12-23 20:30:38.000Z",
    "author": "themselvesbenefit",
    "description": "Lorem ipsum...",
    "name": "Innovative Applications of Mobile Technologies in Maternal Health and Newborn Care",
    "tags": [
        "Adult Learning",
        "Health Information Systems",
        "Instructional Design",
        "Supply Chain Management"
    ]
}
{
    "videoid": "f2a739fc-37ce-11eb-8f33-d0c637e5fb23",
    "uploadmoment": "2020-08-27 13:53:01.000Z",
    "author": "fideliusadorable",
    "description": "Lorem ipsum...",
    "name": "Using Forensic Readiness and E-Discovery in Quality Information Risk Management Planning",
    "tags": [
        "Accounting & Finance",
        "Digital Communications",
        "Systems & Software Design",
        "Virtual Communities & Virtual Reality"
    ]
}
                                           {
    "videoid": "f2a73722-37ce-11eb-8f33-d0c637e5fb23",
    "uploadmoment": "2020-02-28 15:59:35.000Z",
    "author": "planetafford",
    "description": "Lorem ipsum...",
    "name": "Advancing Employee Engagement Using Lean Six Sigma",
    "tags": [
        "E-Commerce",
        "Human Aspects of Technology",
        "Knowledge Management"
    ]
}
{
    "videoid": "f2a73970-37ce-11eb-8f33-d0c637e5fb23",
    "uploadmoment": "2020-07-23 05:00:52.000Z",
    "author": "journalistsnob",
    "description": "Lorem ipsum...",
    "name": "Effective Telementoring Partnerships in Digital Learning Environments",
    "tags": [
        "Artificial Intelligence",
        "Digital Communications",
        "Instructional Design",
        "Medical Education",
        "Social Networking"
    ]
}
                                     {
    "videoid": "f2a736dc-37ce-11eb-8f33-d0c637e5fb23",
    "uploadmoment": "2020-02-27 19:06:48.000Z",
    "author": "themselvesbenefit",
    "description": "Lorem ipsum...",
    "name": "Metacognition and Learning Strategies in the Age of Globalization",
    "tags": [
        "Cognitive Science",
        "Web Technologies & Engineering"
    ]
}
{
    "videoid": "f2a73682-37ce-11eb-8f33-d0c637e5fb23",
    "uploadmoment": "2020-02-17 13:41:57.000Z",
    "author": "fannyangelic",
    "description": "Lorem ipsum...",
    "name": "Semiotics and Brand Building: Rethinking Consumer Messaging, Signs, and Symbols",
    "tags": [
        "Artificial Intelligence",
        "Health Information Systems",
        "Humanities Education",
        "Neural Networks"
    ]
}
{
    "videoid": "f2a73a4c-37ce-11eb-8f33-d0c637e5fb23",
    "uploadmoment": "2020-02-03 01:38:59.000Z",
    "author": "fannyangelic",
    "description": "Lorem ipsum...",
    "name": "Social Media Influence on Global Democratic Practices",
    "tags": [
        "Electrical Engineering",
        "Humanities Education",
        "Theoretical Studies",
        "Urban & Regional Development",
        "Virtual Communities & Virtual Reality"
    ]
}
{
    "videoid": "f2a73b28-37ce-11eb-8f33-d0c637e5fb23",
    "uploadmoment": "2020-05-24 01:14:40.000Z",
    "author": "bakerauthentic",
    "description": "Lorem ipsum...",
    "name": "Cognitive Modeling Systems in Information Technology, Psychology, and Business",
    "tags": [
        "Computer-Assisted Language Learning",
        "Electrical Engineering",
        "Social Networking",
        "Web-Based Teaching & Learning"
    ]
}
{
    "videoid": "f2a73844-37ce-11eb-8f33-d0c637e5fb23",
    "uploadmoment": "2020-09-10 16:35:16.000Z",
    "author": "mearasnervous",
    "description": "Lorem ipsum...",
    "name": "Key Competencies and Contemporary Skill Development in Education",
    "tags": [
        "Artificial Intelligence",
        "Gender & Technology",
        "Human-Computer Interaction",
        "Instructional Design",
        "Web-Based Teaching & Learning"
    ]
}
{
    "videoid": "f2a738da-37ce-11eb-8f33-d0c637e5fb23",
    "uploadmoment": "2020-05-14 19:09:14.000Z",
    "author": "fideliusadorable",
    "description": "Lorem ipsum...",
    "name": "Using Cross-Culture Design-Based Research Frameworks: Creating Mobile Learning Solutions in the Medical Profession",
    "tags": [
        "Artificial Intelligence",
        "Computer-Assisted Language Learning",
        "Knowledge Management",
        "Marketing",
        "Medical Technologies"
    ]
}
{
    "videoid": "f2a737fe-37ce-11eb-8f33-d0c637e5fb23",
    "uploadmoment": "2020-02-01 15:15:59.000Z",
    "author": "fannyangelic",
    "description": "Lorem ipsum...",
    "name": "Multilayer Neural Networks: Overview and Applications",
    "tags": [
        "Aerospace Engineering",
        "Culture & Population Studies",
        "Economics & Economic Theory",
        "Pharmaceutical Technologies",
        "Virtual Communities & Virtual Reality"
    ]
}
  {
    "videoid": "f2a7354c-37ce-11eb-8f33-d0c637e5fb23",
    "uploadmoment": "2020-12-15 10:39:19.000Z",
    "author": "whisperedhubbles",
    "description": "Lorem ipsum...",
    "name": "Clinical Costing and the Value of Patient Care",
    "tags": [
        "Accounting & Finance",
        "Civil Engineering",
        "Data Warehousing",
        "Instructional Design",
        "Social Networking"
    ]
}
{
    "videoid": "f2a73a92-37ce-11eb-8f33-d0c637e5fb23",
    "uploadmoment": "2020-08-20 09:55:19.000Z",
    "author": "planetafford",
    "description": "Lorem ipsum...",
    "name": "High Accuracy Orbit Determination for Spacecraft Flybys",
    "tags": [
        "Artificial Intelligence",
        "Civic Engagement & Social Justice"
    ]
}