{
    "videoid": "f2a737b8-37ce-11eb-8f33-d0c637e5fb23",
    "username": "journalistsnob"
}
{
    "videoid": "f2a73ae2-37ce-11eb-8f33-d0c637e5fb23",
    "username": "journalistsnob"
}
  {
    "videoid": "f2a7361e-37ce-11eb-8f33-d0c637e5fb23",
    "username": "mithrilbitch"
}
{
    "videoid": "f2a7361e-37ce-11eb-8f33-d0c637e5fb23",
    "username": "bakerauthentic"
}
 {
    "videoid": "f2a7361e-37ce-11eb-8f33-d0c637e5fb23",
    "username": "mearasnervous"
}
    {
    "videoid": "f2a7392a-37ce-11eb-8f33-d0c637e5fb23",
    "username": "sonsandals"
}
  {
    "videoid": "f2a738da-37ce-11eb-8f33-d0c637e5fb23",
    "username": "mithrilbitch"
}
{
    "videoid": "f2a737b8-37ce-11eb-8f33-d0c637e5fb23",
    "username": "whisperedhubbles"
}
{
    "videoid": "f2a73894-37ce-11eb-8f33-d0c637e5fb23",
    "username": "fideliusadorable"
}
  {
    "videoid": "f2a73a4c-37ce-11eb-8f33-d0c637e5fb23",
    "username": "planetafford"
}
  {
    "videoid": "f2a7361e-37ce-11eb-8f33-d0c637e5fb23",
    "username": "fannyangelic"
}
 {
    "videoid": "f2a7392a-37ce-11eb-8f33-d0c637e5fb23",
    "username": "mearasnervous"
}
{
    "videoid": "f2a73b6e-37ce-11eb-8f33-d0c637e5fb23",
    "username": "fideliusadorable"
}
{
    "videoid": "f2a7354c-37ce-11eb-8f33-d0c637e5fb23",
    "username": "bakerauthentic"
}
{
    "videoid": "f2a73772-37ce-11eb-8f33-d0c637e5fb23",
    "username": "themselvesbenefit"
}
  {
    "videoid": "f2a73ae2-37ce-11eb-8f33-d0c637e5fb23",
    "username": "fannyangelic"
}
{
    "videoid": "f2a7354c-37ce-11eb-8f33-d0c637e5fb23",
    "username": "themselvesbenefit"
}
{
    "videoid": "f2a73a92-37ce-11eb-8f33-d0c637e5fb23",
    "username": "bakerauthentic"
}
{
    "videoid": "f2a738da-37ce-11eb-8f33-d0c637e5fb23",
    "username": "journalistsnob"
}
{
    "videoid": "f2a73ae2-37ce-11eb-8f33-d0c637e5fb23",
    "username": "bakerauthentic"
}
{
    "videoid": "f2a73970-37ce-11eb-8f33-d0c637e5fb23",
    "username": "themselvesbenefit"
}
 {
    "videoid": "f2a737b8-37ce-11eb-8f33-d0c637e5fb23",
    "username": "mearasnervous"
}
  {
    "videoid": "f2a736dc-37ce-11eb-8f33-d0c637e5fb23",
    "username": "mithrilbitch"
}
  {
    "videoid": "f2a73894-37ce-11eb-8f33-d0c637e5fb23",
    "username": "planetafford"
}
    {
    "videoid": "f2a739b6-37ce-11eb-8f33-d0c637e5fb23",
    "username": "sonsandals"
}
{
    "videoid": "f2a73682-37ce-11eb-8f33-d0c637e5fb23",
    "username": "themselvesbenefit"
}
{
    "videoid": "f2a736dc-37ce-11eb-8f33-d0c637e5fb23",
    "username": "journalistsnob"
}
{
    "videoid": "f2a7354c-37ce-11eb-8f33-d0c637e5fb23",
    "username": "fideliusadorable"
}
{
    "videoid": "f2a7354c-37ce-11eb-8f33-d0c637e5fb23",
    "username": "whisperedhubbles"
}
  {
    "videoid": "f2a73772-37ce-11eb-8f33-d0c637e5fb23",
    "username": "fannyangelic"
}
{
    "videoid": "f2a73722-37ce-11eb-8f33-d0c637e5fb23",
    "username": "fideliusadorable"
}
  {
    "videoid": "f2a7361e-37ce-11eb-8f33-d0c637e5fb23",
    "username": "planetafford"
}
{
    "videoid": "f2a738da-37ce-11eb-8f33-d0c637e5fb23",
    "username": "whisperedhubbles"
}
  {
    "videoid": "f2a73682-37ce-11eb-8f33-d0c637e5fb23",
    "username": "mithrilbitch"
}
 {
    "videoid": "f2a738da-37ce-11eb-8f33-d0c637e5fb23",
    "username": "mearasnervous"
}
{
    "videoid": "f2a736dc-37ce-11eb-8f33-d0c637e5fb23",
    "username": "whisperedhubbles"
}
{
    "videoid": "f2a73722-37ce-11eb-8f33-d0c637e5fb23",
    "username": "themselvesbenefit"
}
  {
    "videoid": "f2a73722-37ce-11eb-8f33-d0c637e5fb23",
    "username": "mithrilbitch"
}
{
    "videoid": "f2a73b6e-37ce-11eb-8f33-d0c637e5fb23",
    "username": "sonsandals"
}